0.23740804129383422,2.3132689276522718,0.0931643065389421,0.21374233,1.0,0.7929209,92.96265090425017,70.21429673884423,0.014425594,1
0.23478520567199015,2.261668051441216,0.10225368489449745,0.19946347,1.0,0.7525536,82.492530388693,62.39401108942831,0.014280998,1
0.23101832661573707,2.2084071261584595,0.10665747089131405,0.18716444,1.0,0.7571545,73.10957791536227,60.00837312495617,0.014871435,1
0.23865063728098174,2.3909837702088006,0.0793300135808058,0.26765695,1.0,0.73579365,118.71406735389446,73.16974646618934,0.014632182,1
0.2346858120836328,2.4047252603448817,0.07319502307508872,0.2289423,1.0,0.77333695,119.36510109441168,77.79986459142589,0.005935361,1
0.23377647549843894,2.35253497549598,0.09312153581515853,0.20510364,1.0,0.8208953,94.64157686447241,82.71132412089695,0.006563318,1
0.24055232401330343,2.4050561226409406,0.07435364870729741,0.23059122,1.0,0.7488161,118.37664562610226,80.01047439393456,0.0067651905,1
0.2287493375012593,2.3423284506797177,0.10982696280991736,0.2088169,1.0,0.80008245,84.34466231808828,63.34842186377375,0.0050529707,1
0.24500652116894084,2.4427141305634366,0.07280882876468495,0.2718065,1.0,0.7798658,139.94642775924424,74.25338761419216,0.005797382,1
0.22792749384966454,2.299176011957512,0.11533061224489796,0.2401668,1.0,0.7867283,86.31342957900422,59.68266999276356,0.005671528,1
0.20012379803260477,2.5327179899599295,0.07428819444444444,0.36462548,1.0,0.6532144,50.93007527571638,113.78056618923884,0.040552385,1
0.25558436896820436,2.448823656066197,0.05070410856676939,0.34004098,1.0,0.6964099,174.79831616512652,24.331054270150634,0.07597349,1
0.22627926313313823,2.2661193245233084,0.0909735349716446,0.2270539,1.0,0.8187405,94.59400656229101,63.24572676915956,0.07778993,1
0.23939540402433165,2.3803264250332736,0.07898259705488621,0.24576363,1.0,0.79084176,127.28325909770315,79.71699126598018,0.06414709,1
0.22422762191556714,2.2227439389979406,0.11460456413511978,0.23809391,1.0,0.8121015,85.5102892827288,58.69427934615297,0.052055635,1
0.23613915950110437,2.403248161716847,0.09131469363474122,0.22519465,1.0,0.7869432,121.20242910554498,80.65851153118061,0.014688944,1
0.23218592997205376,2.338884008338872,0.0947534516765286,0.22927588,1.0,0.77976966,95.18947757083649,66.09877840912812,0.0041621304,1
0.24070986850289652,2.4094179309758794,0.08334195952590445,0.23242387,1.0,0.78308284,133.18033412740783,68.42898068749557,0.0039858273,1
0.22528423790497457,2.2808371113237627,0.10020177148524333,0.23881118,1.0,0.739285,85.7089220974949,57.27152445029292,0.003999676,1
0.23821420593780665,2.3780956996409657,0.08273219491878384,0.24436076,1.0,0.79768795,120.41599366479262,81.60172987214293,0.0037232654,1
0.22155749284461607,2.3550475800715636,0.11235803136830719,0.23083667,1.0,0.7688951,84.52823757327222,61.18839485983261,0.0042118537,1
0.23460475886688154,2.4368921443764497,0.08627786791659155,0.2516745,1.0,0.77121717,117.68605381508371,82.54523335256064,0.004939637,1
0.23073506006118966,2.2900116013166043,0.11860059505488868,0.20952116,1.0,0.78397745,85.37571971217524,63.03191190667933,0.0054762852,1
0.23359839087260412,2.268395679027678,0.12048192771084337,0.20603551,1.0,0.68459237,80.15613608348872,58.24952040424515,0.008312579,1
0.23114547547404013,2.29296873434246,0.10655304531642225,0.2129812,1.0,0.7578648,79.51114657710546,64.00793491430623,0.006405367,1
0.23355001608737674,2.3662228193767283,0.10362469649670482,0.22949846,1.0,0.7752336,87.36157564590287,65.14620700389806,0.0076417606,1
0.23235278209843682,2.3450148728392732,0.09738569488456315,0.21765853,1.0,0.79179007,87.80117527205039,68.00751251227724,0.006880677,1
0.2362883778466066,2.3551043230723248,0.09552596673808796,0.23565978,1.0,0.7944179,94.64162087908242,71.51253423604702,0.0074412907,1
0.23768118209903327,2.379851857955348,0.09682414940828403,0.2167656,1.0,0.7909239,98.49397076642256,78.00040629663624,0.0032791763,1
0.23969583087912102,2.364598601875492,0.08828555976203353,0.23546338,1.0,0.78979003,97.74476078819455,77.83360876028928,0.0018927257,1
0.239325126361413,2.371197478114673,0.08671408130628735,0.23571263,1.0,0.7811761,101.39062674154181,78.00067473769752,0.0019470146,1
0.2396774571754418,2.3355779914100756,0.08910762574364521,0.22474816,1.0,0.77624154,102.61128811482656,75.61151001518157,0.0016329208,1
0.2388327350405293,2.3619598937985917,0.09009403473655679,0.2369575,1.0,0.7755969,99.4588970069058,80.77952844317272,0.0012847834,1
0.23639428825354059,2.318498766231774,0.09403628117913833,0.21687959,1.0,0.78690314,104.29314057711784,75.76984670931131,0.0013966836,1
0.23624906822856243,2.380308214663851,0.08759789960840157,0.21412626,1.0,0.78224343,99.0407973337704,76.92263840046189,0.001568184,1
0.23242579229344032,2.341451863861011,0.08486010337547623,0.2129478,1.0,0.79594094,95.90125103163055,76.92248674800267,0.0019362537,1
0.23306875774387273,2.34887835225192,0.09478511975539324,0.20520616,1.0,0.77994937,95.35233003160546,75.92798110580544,0.0021807174,1
0.23434823807789512,2.393581766975462,0.09187060735789015,0.2180925,1.0,0.7879027,93.55787822506431,76.40081581235356,0.001400489,1
0.2310230522817856,2.3658247248828084,0.08930472018019356,0.19631392,1.0,0.77882797,92.39622818768716,75.92788992462386,0.0013982403,1
0.23135007528937496,2.3663433732237595,0.0966,0.20166785,1.0,0.7959907,88.81472390657639,74.14881956843494,0.0014616781,1
0.22944128322285842,2.3256012665335146,0.10202997130407057,0.21409118,1.0,0.7718694,89.9447056925513,71.19714521145931,0.0016543536,1
0.22946242053456406,2.325410150369476,0.1042751736111111,0.21527007,1.0,0.7931962,88.56653370400522,70.85916487275345,0.0025814578,1
0.2324767797916416,2.3329373968240126,0.105975,0.23220223,1.0,0.7834612,91.08278605589801,70.40619434073244,0.0024588604,1
0.23333897266160647,2.316657629943406,0.09135,0.22828719,1.0,0.7982779,96.69039285359993,70.34230234773317,0.0021287866,1
0.23342371140119034,2.340000207903715,0.10289621694788677,0.23753281,1.0,0.81319976,104.5611295839499,73.16449861166633,0.0027343726,1
0.24002481713037038,2.3612839516421205,0.09237826243921085,0.23774506,1.0,0.7952424,107.07961633394507,74.9472418807522,0.0031759106,1
0.24007853020691716,2.3285284767753827,0.0865909090909091,0.21655975,1.0,0.8007012,108.25906780817891,77.62333090913141,0.0017884366,1
0.24028311366896601,2.3880129805238925,0.09584710743801653,0.22892503,1.0,0.77910244,104.34581975269558,79.12133756019452,0.0015828953,1
0.2329365497792581,2.3273789440178474,0.08998243343195267,0.22945218,1.0,0.81024945,106.36746788586926,72.11134573017151,0.0015474897,1
0.23178154827831365,2.350403891533547,0.09679924288383605,0.2235807,1.0,0.79224765,99.98523944792359,72.80152148664901,0.0013832609,1
0.23444930864262628,2.3732715227726526,0.09307101682653038,0.22968756,1.0,0.7632573,99.14163377518884,72.03530673054067,0.0016988758,1
0.23622998054362915,2.365896450750087,0.09528087868646257,0.24833469,1.0,0.7918709,99.14156133884389,72.80155553305153,0.0018110791,1
0.23226989531596076,2.3449256238142793,0.1029251700680272,0.22957739,1.0,0.79792833,101.98059600196981,75.61120368164286,0.0014457221,1
0.23520086627502484,2.3664148900602058,0.09667347993081916,0.24150775,1.0,0.77565825,109.33001445782538,67.67622371925546,0.0017101141,1
0.23654562601352086,2.360827268677228,0.09202092562918276,0.2378873,1.0,0.7554102,110.22267328192508,64.13306975078973,0.0023930874,1
0.23118065214071717,2.2727400587180577,0.09925496893641246,0.21885762,1.0,0.7772438,101.49406661291266,67.26846691294563,0.0028029857,1
0.22881467557214116,2.3182203634690697,0.09911675481220972,0.25558734,1.0,0.77960545,102.77171686222994,65.78790653831138,0.003066971,1
0.2296657246750679,2.309240026924864,0.11216905381944445,0.25353754,1.0,0.80134475,100.62313781137415,66.48337207406004,0.0025495905,1
0.230143753097024,2.354724953391708,0.10263699637290462,0.2366952,1.0,0.7975142,98.95472346263051,74.32385930113028,0.0034090702,1
0.23324975211276164,2.3402835414156216,0.10294299646048365,0.25992158,1.0,0.78412586,110.2180874617015,66.73106363416416,0.0037299558,1
0.23525198211067486,2.3130483723540043,0.10286734086853064,0.2230155,1.0,0.79057246,104.78563721875126,75.64425838742721,0.002865659,1
0.23682035773501622,2.348096358075085,0.10288358846564613,0.242882,1.0,0.7827642,107.28022220677839,72.45039534329663,0.0025575177,1
0.23550418251340674,2.35525387524257,0.09681498628257887,0.22084457,1.0,0.7913862,98.27022049628596,80.77836977434244,0.002609067,1
0.23544897032830617,2.3440888264977526,0.09138038447846208,0.2257067,1.0,0.8118723,104.92393037524153,75.23996061166436,0.0024621189,1
0.23793638207696746,2.374887626961374,0.09312973604084156,0.2634085,1.0,0.7837729,111.62903863287637,71.11304598410095,0.0023271926,1
0.23355822818369446,2.3493045625622373,0.09235380987017568,0.20292056,1.0,0.7904904,91.59186474622669,84.17303943739125,0.0038455364,1
0.23525466153474742,2.345456659355444,0.09313725490196079,0.25925985,1.0,0.78992116,109.77269485613468,61.98439961314801,0.004789937,1
0.23473290293020066,2.355436244951871,0.0922722029988466,0.2166356,1.0,0.79547673,98.73213175781564,71.56847658544736,0.004659374,1
0.23463308625977328,2.37027722702493,0.09967560503162268,0.22675996,1.0,0.80706054,98.00533959568247,71.5685088298192,0.0046911044,1
0.23565988847952882,2.349180249270954,0.08394954327968682,0.21474005,1.0,0.7909366,95.63495163895394,74.21634869201142,0.0034359044,1
0.23445504862070538,2.345797966972915,0.09175445295478538,0.207312,1.0,0.7924953,92.0708517692932,79.07649354618896,0.0024094624,1
0.2325385112494107,2.365791638559613,0.0984493678565362,0.24325934,1.0,0.79245406,103.94723144721247,65.14642787999723,0.0015865028,1
0.22994460274740963,2.331842793719992,0.10022082554781722,0.21899441,1.0,0.7994825,93.55774787121479,80.36195707056928,0.0024867442,1
0.228482912822334,2.305974378263801,0.09724548429488006,0.22465907,1.0,0.8246531,106.36741250176408,62.62610847789911,0.0025946586,1
0.2292920018607966,2.3515923048977054,0.10524083325478367,0.2100286,1.0,0.8203722,93.7445552586225,80.08154660557369,0.0027966597,1
0.2327115347587872,2.327539487780973,0.10378800747409546,0.24876298,1.0,0.8030328,105.7214766180834,68.94233540743669,0.0030964257,1
0.2368644993805115,2.3675500254689865,0.08724617110414139,0.2506184,1.0,0.80002433,104.56116326213265,66.73121036372841,0.0032839559,1
0.2330862416311955,2.355677462876777,0.09864700899704677,0.21438405,1.0,0.78897995,93.14532888958708,80.3247374157995,0.0031126516,1
0.230812952177687,2.3429754575932917,0.09822984268074038,0.23772752,1.0,0.80723506,106.88789756486271,65.79540692745455,0.0031421713,1
0.2291113663069009,2.3600964578725865,0.10289311803152634,0.18797798,1.0,0.7966689,91.98410783271436,82.86174197627311,0.0036954863,1
0.23204085824663878,2.3600200116722814,0.09909650134563629,0.23119359,1.0,0.79630524,104.3457255923458,70.77454102289056,0.003340412,1
0.23159240475395473,2.341653483829329,0.09873692148176078,0.20471948,1.0,0.8230661,92.65004518677422,81.5968220400301,0.0032745528,1
0.23168114197939088,2.347394012314645,0.09708506841165973,0.23160404,1.0,0.802264,102.7717410085358,72.09058839423861,0.0032112568,1
0.2303490020195547,2.3398261259699265,0.09957708573625529,0.2149539,1.0,0.8050501,103.16046429049423,77.36951937328544,0.0025576437,1
0.22974730352348832,2.3496719472984022,0.09801862353847231,0.19436438,1.0,0.8055856,96.77322249418876,82.63803431230376,0.0025978137,1
0.2319175596311717,2.3313191676091303,0.10508030933967877,0.23126316,1.0,0.82664925,98.84349288878761,77.62110537531092,0.0029394827,1
0.2321151653982938,2.3349266565975575,0.10022605591909578,0.20680821,1.0,0.81581545,93.62179201997911,83.21683215184196,0.0030134812,1
0.23065518036209431,2.35065933505809,0.09649018441403927,0.22865476,1.0,0.8040506,102.96139008051532,76.0595229600342,0.0024420468,1
0.23046431110791576,2.376107704682421,0.1006148298816568,0.20970714,1.0,0.80772823,94.92130052301101,80.41170805467543,0.0025622412,1
0.2293487075157237,2.3625305088788324,0.0964109781843772,0.21204647,1.0,0.82462406,100.80692545184411,74.09484754538195,0.002302674,1
0.2303518721825739,2.337669034905167,0.10387831603229528,0.21872784,1.0,0.82986045,101.20293893364139,75.76966399777295,0.0016813972,1
0.22838898858162054,2.325244096926001,0.10712185079894128,0.19385259,1.0,0.8302899,96.04710965096174,81.15443704062479,0.0016860462,1
0.23257131064413608,2.3399012500731082,0.09590913375435951,0.22875299,1.0,0.80902034,105.90577316644304,68.02975998330749,0.0023109328,1
0.23173646039413273,2.3260264289631882,0.10246059207996924,0.21588147,1.0,0.81750655,96.10426746812068,79.71225868017154,0.0018665583,1
0.23226001162901982,2.3256751649683713,0.0896725811194981,0.21768123,1.0,0.82110345,104.92400445130687,69.857226307722,0.001978388,1
0.22942976398759973,2.359690151075179,0.10625720876585928,0.21622472,1.0,0.804898,97.862366155869,77.83343415053078,0.0018906639,1
0.23108745101344708,2.34194101044002,0.09726030721444345,0.21565138,1.0,0.81376386,103.36857339859189,73.4100630486426,0.0014403064,1
0.23389317375728413,2.375921894645059,0.09435096153846154,0.23704174,1.0,0.81057936,98.4938689521569,77.62130521915758,0.0013685874,1
0.2342166232350749,2.3610034653663856,0.09706381374304836,0.22375448,1.0,0.7825972,103.57626737692964,69.8931839398315,0.0013872451,1
0.23386667834194078,2.3713732746217193,0.09671760861207228,0.22292724,1.0,0.7931623,97.86241481178764,73.68207135714103,0.0014092142,1
0.2301951669932431,2.3500866415635233,0.09657177838996021,0.21134235,1.0,0.7845933,94.76316746835192,73.24642251502252,0.001441096,1
0.2329662606856307,2.3435760633948397,0.10339441899208664,0.22232506,1.0,0.78284365,94.89497624255718,69.42650915270768,0.0013567455,1
0.2314362663657066,2.3363430311406352,0.10655273879583523,0.23601712,1.0,0.7662234,96.62831316798854,64.7613437596293,0.0013203605,1
0.2304739956364648,2.338909254370576,0.1067590027700831,0.19881211,1.0,0.7819897,84.48099936372614,71.7009440955339,0.0015954413,1
0.22996989491281977,2.3319557275771996,0.11117674858223063,0.25220647,1.0,0.76542526,92.4392885671239,59.841641200225524,0.001989406,1
0.2291460336043618,2.2969133310914467,0.10968163265306123,0.21905929,1.0,0.7928391,85.28786339887326,64.62987511815076,0.0023022108,1
0.22776636240354803,2.343653509690114,0.11676782024793389,0.19239803,1.0,0.7495014,85.47527965785265,66.3703632768362,0.002756082,1
0.2305164025846955,2.301565038650261,0.11573523583036067,0.2220828,1.0,0.7464918,88.00004410077797,58.00878752326024,0.0028403078,1
0.23007710323398453,2.2231687769614004,0.12302944675788222,0.2394684,1.0,0.6052024,83.60035989062342,61.18835935865962,0.00872727,1
0.23003915351765916,2.2194311164448806,0.12705456936226167,0.23122798,1.0,0.5077771,75.43218023877458,68.96375878479199,0.018368056,1
0.23400062659702317,2.2108013338476487,0.13761207351211002,0.22773175,1.0,0.57176435,73.97978062004366,68.6221538608957,0.016003177,1
0.23404975750834278,2.2232833001159933,0.12617144711753012,0.27459824,1.0,0.5403989,75.18665769705012,69.35423845272712,0.013426772,1
0.2324589707936554,2.179676447333789,0.13562452141795414,0.24009056,1.0,0.5646226,74.46477197757443,69.83558641737214,0.0036644966,1
0.23487758665197636,2.291163859240704,0.11780753968253968,0.23970364,1.0,0.5818453,77.9295541017903,67.67570255451052,0.0027057289,1
0.22862775748851935,2.3688988233310226,0.11302681992337164,0.22828798,1.0,0.74056506,82.03675127060848,66.37037371644335,0.010604097,1
0.18036478180425528,2.6988339626743976,0.06615916955017301,0.19923869,1.0,0.7705094,82.49251658918965,69.72101011876292,0.015513292,1
0.19151197816480142,2.714189162642973,0.0687097588688297,0.24138485,1.0,0.73701334,88.95524045834738,71.19727298204819,0.009878107,1
0.17991390741763755,2.757296651352301,0.06308627295547628,0.26844144,1.0,0.6999237,82.7345178019968,72.83611728717626,0.005775644,1
0.18866170216309697,2.722402572857418,0.059306074244310385,0.25680235,1.0,0.6608672,85.00012046812365,72.36770180983872,0.00784573,1
0.19080369300966968,2.735670415409566,0.0699896694214876,0.24722509,1.0,0.7362405,91.66252748058787,61.1314485757316,0.0048932945,1
0.1821945962091328,2.720371751908327,0.07251146668534014,0.23434679,1.0,0.70002645,85.32901414097569,66.7535229464374,0.0032445244,1
0.18526913253392074,2.6976660697280663,0.0671308815575987,0.24726178,1.0,0.64803773,87.00589156117877,65.00803373377067,0.0035068414,1
0.17440270110215395,2.698750838959475,0.06894505755310312,0.25127724,1.0,0.6919298,80.00004565631431,65.27660663944064,0.0023695962,1
0.17747633870661197,2.7146624894022624,0.06828282828282828,0.26078838,1.0,0.6900074,83.02409589227358,65.3763816190992,0.0033783405,1
0.18121109527870088,2.7282262754115356,0.06511020408163265,0.24170958,1.0,0.7653426,85.90692846963007,77.1302621563925,0.004272591,1
0.19862864582555717,2.7347103001727437,0.05889490159916523,0.2592344,1.0,0.72911227,108.6738256844237,66.40840905123558,0.005296325,1
0.19365651146140797,2.7407374632879136,0.05610340069799529,0.25776866,1.0,0.7139991,113.43741313216866,77.79965093016581,0.0039466447,1
0.20560631427061235,2.7338596427100486,0.05558518518518518,0.2721579,1.0,0.7468844,115.73248743714653,72.57218967317687,0.0036719711,1
0.1944937267055558,2.729722823928793,0.05708506841165972,0.2835381,1.0,0.6964821,104.23537455460922,73.24763295181948,0.002971915,1
0.19269947379821287,2.7009341703609064,0.06580113815093368,0.2552639,1.0,0.7324698,94.04791361169593,70.09322458153301,0.0020734044,1
0.1958987505883044,2.6773770192689517,0.06576165940018497,0.26713845,1.0,0.75383574,86.1278721477356,70.51991471542297,0.0020558333,1
0.20173653671577674,2.701970740481923,0.06312383626873416,0.26032853,1.0,0.7437775,94.14890302566462,60.87724665024145,0.0019283494,1
0.2028978481148564,2.7103522226087717,0.06014665081252477,0.28381968,1.0,0.7198979,92.04894949821947,61.685176161622365,0.0020260701,1
0.19915444311802397,2.713957295032785,0.06949702541914549,0.23410077,1.0,0.7198452,86.33083657341619,61.40056492143909,0.0021683134,1
0.20568079535907044,2.697662305881544,0.06348116475765425,0.27995035,1.0,0.7357935,90.02790469646791,61.84685190892961,0.0025129695,1
0.19950939088025274,2.731606037831518,0.06537543402777778,0.27528217,1.0,0.72323173,95.12625262557705,71.1974025336465,0.0022174523,1
0.20525906900216712,2.7337023264500377,0.061568415359653864,0.27055115,1.0,0.7496074,110.42204823224684,72.42327114015123,0.002678733,1
0.20770137505089828,2.7154477083560074,0.049475689437234065,0.3063948,1.0,0.717503,112.78743182197312,73.98550586328736,0.0036947085,1
0.18345565836678432,2.7421411498581754,0.05291174847335719,0.24913797,1.0,0.77976984,123.97584044952788,81.93733288204042,0.0037475151,1
0.16472525082915543,2.7728874204324896,0.04325711766187957,0.25012672,1.0,0.7445712,141.4001710259668,83.86738443028152,0.0046718046,1
0.16909749646188665,2.794407438005902,0.04454316423428393,0.257047,1.0,0.7785539,145.04142088951153,78.89725735723805,0.00462191,1
0.1686573899039471,2.7873845799497556,0.04522705078125,0.24307008,1.0,0.82027876,144.8102429408028,77.6701674381391,0.0029575469,1
0.18586114240077686,2.759102127437082,0.04980609324459347,0.2721632,1.0,0.7800024,130.4185848222074,82.08458971341938,0.0032003908,1
0.20250625495271954,2.711876659999856,0.051120987654320986,0.2866307,1.0,0.76809067,114.14028440542702,81.93802058916228,0.0032220115,1
0.2086599192405009,2.706892399658207,0.05831510543863747,0.28955254,1.0,0.71498716,108.46665807701918,77.83485028645302,0.00443894,1
0.2161691283388288,2.7030433292878526,0.05928901874847821,0.29513597,1.0,0.71606255,110.02280631321855,74.00508459016277,0.0054863887,1
0.20368164871188196,2.7139388912717806,0.05837662974218214,0.2689222,1.0,0.77706534,102.59148004236401,77.20145407746068,0.0039331075,1
0.23018721551520493,2.4026104594102615,0.08239280236258327,0.22548167,1.0,0.76769596,90.6700581858443,78.09031513138908,0.0056253346,1
0.2308470863934646,2.374064691516354,0.0855798451132242,0.24945307,1.0,0.7541395,98.85871466033531,70.83132979984676,0.0055098087,1
0.22755227104577452,2.353268101465229,0.10023328993055555,0.24342878,1.0,0.7455643,92.54204206499982,69.87152110297893,0.004514638,1
0.23079453363340924,2.3317935888041603,0.10725910000298605,0.24182712,1.0,0.7834776,86.57957649094584,65.49067069907659,0.0025286207,1
0.23220521127171648,2.28552744742455,0.10898760330578512,0.22203356,1.0,0.77543044,87.28130177623318,63.285217747447874,0.0019222398,1
0.2347169700100898,2.2676453706785202,0.10587873191751308,0.21674943,1.0,0.7421225,82.2194397227569,63.19828898178268,0.0016964739,1
0.23301752290218725,2.320454997382458,0.11647727272727272,0.23320451,1.0,0.7796054,82.21935067100131,62.12905291903969,0.0015249366,1
0.23335044263513566,2.341647524184332,0.09988378099173553,0.22248833,1.0,0.7259737,81.02477965665938,62.00012771916556,0.0016697058,1
0.236486293715105,2.2949238311869475,0.11139697283571118,0.22872272,1.0,0.77232134,82.0062092768773,59.008607953789976,0.0013607488,1
0.23336824153913907,2.2911628854101114,0.09949751880403233,0.21682063,1.0,0.73609644,81.39435802391142,64.28078532926119,0.001385638,1
0.23394344569174078,2.371662579360759,0.11315171921232527,0.17306155,1.0,0.74681216,73.98076642685656,87.29865703400364,0.0032416827,1
0.23140395095772015,2.4028718242438787,0.09869857629487291,0.16775869,1.0,0.7900102,76.90300361657901,95.56751984267036,0.0045637083,1
0.23533474947687477,2.3798644503713926,0.08314735570524764,0.19378302,1.0,0.80819017,89.49884446359891,91.76155147495052,0.0054490366,1
0.23600540407871584,2.4366875048634977,0.07979378270236996,0.2606828,1.0,0.7809646,118.87819958758385,71.6998850085673,0.007675881,1
0.239709813645092,2.4469189480597593,0.07847541821900796,0.2909257,1.0,0.7649437,125.39940178195778,68.54782117778637,0.010866863,1
0.23736513076509108,2.4596972949654865,0.07932395129468746,0.24033919,1.0,0.7887741,113.54744157406124,93.52399730077188,0.00944137,1
0.23245763658918372,2.465644071697638,0.07767888928444286,0.17302597,1.0,0.7084412,99.9600299820234,87.2104408334228,0.0088159265,1
0.2321530697469427,2.430158881503247,0.07745562130177515,0.21940935,1.0,0.76867926,99.62438653468341,90.08192663926069,0.010996043,1
0.2330358739441089,2.432372137284113,0.07136144804753575,0.24496056,1.0,0.7686991,101.24232862925345,88.64380624878949,0.012428609,1
0.23373130965303932,2.43710478027202,0.07401499679491957,0.21135457,1.0,0.7863422,107.85649109637595,88.57082970086442,0.007995936,1
0.23563796881555732,2.4495629030591877,0.07254695022336596,0.24314208,1.0,0.7989018,107.85641068125352,84.97526975313237,0.007256239,1
0.2368938032034641,2.454557470331791,0.07496914660428448,0.26853147,1.0,0.7516453,117.08551426359854,73.01265927253752,0.00864255,1
0.22835510112224686,2.3662341573519394,0.09466378703681234,0.24755408,1.0,0.74456406,107.37803442947887,65.03127927774402,0.009373255,1
0.22589839730256905,2.333143150835097,0.10907231555880205,0.24321339,1.0,0.7453288,88.36298805014712,64.00802649623732,0.010337444,1
0.23403400810692024,2.3023163621651226,0.12294501133786848,0.1898209,1.0,0.71214485,81.02481281846373,62.64987981859797,0.007868324,1
0.2333942811788361,2.3594456911558126,0.1248937074829932,0.20210224,1.0,0.6788912,79.1013068579243,62.29767401151218,0.0059611136,1
0.23293839214346002,2.281025481246045,0.1361328125,0.24271674,1.0,0.5418572,76.23663766185408,65.19202424107061,0.011427678,1
0.2340296868636497,2.2880981811101,0.1288888888888889,0.21548755,1.0,0.5223939,79.22767347184227,64.07808001069291,0.013314728,1
0.22758628289026492,2.2356447721170323,0.14971904266389177,0.22025116,1.0,0.5834069,75.42587956210748,66.70832074230945,0.008676168,1
0.24294659795706444,2.2860912380718594,0.1257439446366782,0.23295671,1.0,0.62087476,81.30211419821819,63.60038576577784,0.002742083,1
0.24000018100993958,2.3111013690358075,0.11728979591836734,0.2256278,1.0,0.672538,83.21669313248107,63.34832377023613,0.005062111,1
0.23507857178218194,2.331959694158121,0.10845935727788279,0.24560118,1.0,0.73102903,90.08903750953458,62.072798167022185,0.008410603,1
0.22879126026093632,2.3642180476995165,0.11314561631944445,0.2331562,1.0,0.7617032,96.3380601756141,65.49062804734325,0.010796583,1
0.22751797764289886,2.3393843561676415,0.10328022019645969,0.2388488,1.0,0.79267734,104.73786426860947,64.76154176735407,0.007297937,1
0.22772739464373037,2.371645619822076,0.09934722997403479,0.25070998,1.0,0.765037,105.54634069095364,67.26865005313637,0.0042594224,1
0.22978535798407032,2.3685274689075855,0.09561779834235529,0.25415835,1.0,0.80907315,105.380321488003,69.23211178835153,0.002406996,1
0.22984839523837455,2.3631154652719393,0.10113378684807256,0.22821096,1.0,0.8157533,101.434847055853,72.56768144042329,0.0018829495,1
0.23088549642857326,2.3788048574217626,0.10059830552886714,0.23187232,1.0,0.7918313,105.22375750888165,71.80587207834623,0.0017675761,1
0.2303628920222865,2.402517938822118,0.08661265432098765,0.24600938,1.0,0.80460286,105.22369667055088,72.78117526627169,0.0016377219,1
0.23258001365446845,2.4089712193802693,0.09384384384384384,0.2399712,1.0,0.8123734,109.65868548412917,73.38162787747396,0.0013808698,1
0.2328440301625883,2.415526951597876,0.09037396121883656,0.2411078,1.0,0.80932915,112.78746761294391,75.9664226208097,0.0014641741,1
0.2306143029267972,2.4111350928570356,0.0883358024691358,0.24120699,1.0,0.80767584,112.6144796480213,78.4530216639673,0.00145685,1
0.23263669215513127,2.3740818044087426,0.09557724776339536,0.23647203,1.0,0.8079537,110.4763097049179,79.4095117736218,0.001363995,1
0.23071185872335992,2.390480872475569,0.08187134502923976,0.22401746,1.0,0.80690545,111.62893841382781,80.32966259155701,0.0013061666,1
0.23113869333609566,2.4022923590393646,0.09084501527136032,0.22220066,1.0,0.8047883,107.07962889426376,82.22455714251727,0.0014952088,1
0.2331211489195758,2.4007918819936362,0.08860359690844233,0.23665,1.0,0.77638584,105.38037810072167,82.86663616386227,0.0013514231,1
0.2325010099316914,2.3767702081463766,0.09039319790704832,0.23625392,1.0,0.80058074,100.6032741759392,81.79182212408004,0.0011969382,1
0.2317791732660075,2.3636988141301867,0.08824105254914245,0.24380293,1.0,0.7854828,104.08659231786716,80.08693098432136,0.0013686264,1
0.23420670298603052,2.3991605116941734,0.09012849645076314,0.24039552,1.0,0.77965313,104.58038629517851,78.3448717598781,0.0013754687,1
0.23396565076430526,2.4094796667862806,0.091032990805841,0.2439892,1.0,0.7615557,106.56942808045504,74.21666058076244,0.002133233,1
0.23293689478780338,2.4009647903951175,0.09776190809587156,0.24363455,1.0,0.7719521,100.49898632838139,70.21436675224946,0.0026681952,1
0.23202500907749465,2.4134493039849065,0.08107458669742407,0.22503757,1.0,0.76518065,101.71065485107049,65.92453766973368,0.002505383,1
0.23216133378810105,2.35159507994703,0.09903790308325547,0.2274892,1.0,0.79613096,101.4940018521075,66.09873319824868,0.0022264277,1
0.23342495620570575,2.3775743312638618,0.08903538868738359,0.23737478,1.0,0.7736592,97.62191961661222,66.61112806820859,0.00155683,1
0.23260557515126049,2.3568327598754424,0.09621467197224773,0.23944998,1.0,0.78426564,97.62185685576468,64.63000115642019,0.0010383615,1
0.23171024769101323,2.344484548118237,0.10014056643065389,0.2413836,1.0,0.7605465,99.72472497991903,62.394139313353925,0.0009594107,1
0.23016354197702027,2.3632165583357407,0.10066481994459833,0.24072704,1.0,0.775604,97.41670866617025,61.2047601928027,0.0010872361,1
0.22588428600663654,2.327664658481904,0.10003086419753086,0.23164181,1.0,0.7468885,92.77943507429849,61.66059796847336,0.0017415895,1
0.2276861513123987,2.3228941485239796,0.11800568163682211,0.24674366,1.0,0.7915201,89.67723446632634,60.0750839739329,0.0016382913,1
0.2243824201200856,2.2447979530041304,0.10899080058821518,0.19101338,1.0,0.81390375,89.94447490919231,59.13554981782229,0.0028314828,1
0.22521186979635638,2.2217974202601734,0.12354733560090703,0.18420301,1.0,0.798381,85.32885650571413,64.62977926372207,0.003534947,1
0.22631198150127602,2.311712971096472,0.1216197944835046,0.16415133,1.0,0.81506026,81.49854820139105,72.36717957427854,0.0038952616,1
0.22929556677870186,2.353837687597758,0.10125588697017268,0.16632144,1.0,0.75573367,76.00027559551721,82.28016117836327,0.005001541,1
0.22769034887751308,2.355783708345551,0.10894059816783172,0.23534356,1.0,0.66664565,65.03294977360115,93.05925314324273,0.012764795,1
0.22639410979670588,2.362472676160331,0.11815878636183266,0.22939914,1.0,0.78166014,55.03714068053308,98.61541876761646,0.017205166,1
0.22667575748689345,2.323845132426206,0.11693782241079333,0.2529118,1.0,0.68255925,52.77420259306785,102.92717122523793,0.015715351,1
0.22535010729552848,2.354652697124613,0.11815924032140249,0.17864595,1.0,0.7343377,73.06277076145122,90.9176841833252,0.009981783,1
0.22671332674967237,2.3518724132004154,0.1168177528668249,0.20953502,1.0,0.6337961,75.10968547764725,86.40628162073857,0.0078065577,1
0.2233250383884786,2.360355358233352,0.10409219594497984,0.2424634,1.0,0.60264736,54.33517785658984,99.2471779144204,0.014917461,1
0.21790039182314241,2.4078618544478125,0.1110568576388889,0.334658,1.0,0.6737306,34.061428025385126,118.3300589821432,0.02160309,1
0.22177603719716246,2.3799660016139246,0.11589967052821766,0.2743302,1.0,0.6961888,52.95411642992406,104.00007742032143,0.022047378,1
0.22798906964956714,2.3919306798006263,0.1198734637888077,0.2366015,1.0,0.8201034,92.91401794288367,67.41689501989012,0.036207564,1
0.2279718906655923,2.399429996301233,0.1085742193461738,0.28645068,1.0,0.7213762,110.60293775992976,19.026309772866732,0.04688075,1
0.22602732772363718,2.4182578213576957,0.09860240195557445,0.24475978,1.0,0.7489502,101.19308231153458,56.035897194351215,0.04702062,1
0.22532115925857998,2.388257099927302,0.10421052631578948,0.22794585,1.0,0.7389592,67.91647162009485,92.19552640450358,0.031141078,1
0.2239568689996101,2.4037987092056574,0.11302316840720557,0.22755946,1.0,0.73067456,59.03533944976308,96.31726583410403,0.023475882,1
0.22946772516335676,2.395208227912623,0.10723783922903143,0.15731066,1.0,0.82832426,77.2789580443085,82.76483464886581,0.021675456,1
0.23025317150263305,2.4211513223986443,0.1026936026936027,0.2795968,1.0,0.7440853,98.27018930265943,55.00027853360739,0.020816075,1
0.23755104886087236,2.370379003076789,0.09589301215277778,0.24178337,1.0,0.78795767,94.59403459044937,68.88420985630718,0.018726742,1
0.23340912894708424,2.288846871706513,0.09827467895304381,0.21476355,1.0,0.7565748,79.55560366199991,91.09376110135497,0.012317631,1
0.23333435005800895,2.3413203239571896,0.0966,0.16542847,1.0,0.7677666,80.77839744721544,86.683668536809,0.012298456,1
0.23179562104723597,2.320952553144357,0.10663082437275985,0.16733243,1.0,0.74451387,75.9284304461924,82.7105381786023,0.009655191,1
0.2314718775416223,2.334781015021953,0.09924385633270322,0.18194732,1.0,0.7673634,73.82474581915532,78.44759216305587,0.0060996995,1
0.2300797545542313,2.3272537490594676,0.10917182173967933,0.17368954,1.0,0.81171364,73.54626271477233,78.3391156817567,0.003648096,1
0.23296147242259774,2.2900105684236403,0.10461596080022471,0.17317657,1.0,0.7207542,74.96718692519462,75.71011728912428,0.0022837254,1
0.23359227672100422,2.346578429964517,0.10718343643479358,0.17330562,1.0,0.7636441,74.81357944108716,76.48543447108324,0.0018955725,1
0.23263127829195548,2.295308604147066,0.10589387755102041,0.19429898,1.0,0.74283665,73.68298953353951,74.1486362524475,0.0021826169,1
0.23307079869351022,2.3028422346592463,0.11688581314878893,0.18829823,1.0,0.7641763,70.57680821037007,74.33039507344134,0.0024005761,1
0.2333806602204952,2.3163702866603724,0.0977341788875677,0.17490111,1.0,0.73712265,70.34991990201445,72.83552970357881,0.0014231505,1
0.23605863457371085,2.273072306124731,0.10483443088542804,0.20171967,1.0,0.73007375,71.4509563929423,75.9540463642711,0.0016725779,1
0.23326030262032527,2.3201273211815123,0.11151337349021566,0.19109194,1.0,0.7586364,72.99364695400344,75.31278082546287,0.002268011,1
0.2321688034097773,2.3343846055914668,0.11303407247160627,0.1730942,1.0,0.8185557,73.68201243017903,75.13327887488227,0.003802012,1
0.23048980834991062,2.283639454694331,0.11391348526636667,0.19200476,1.0,0.7031339,75.32629231091666,70.57630404623882,0.0048416066,1
0.2304782544365572,2.2811836946593056,0.10738419523125942,0.1754572,1.0,0.7659676,73.02758552980126,69.26046858490834,0.0048735514,1
0.23352977145862394,2.2546731905477824,0.1073182975366632,0.16250099,1.0,0.7606387,71.00031200463478,69.06520915828297,0.0040270374,1
0.23345130742827483,2.2557516881755664,0.11754947725782185,0.19746435,1.0,0.6490953,71.34483437834916,68.1176310122059,0.0047981725,1
0.23508190185468036,2.2648902643251496,0.12126914825548572,0.2044884,1.0,0.63144284,67.1868719292358,70.06429785514102,0.004808567,1
0.2343676954372228,2.338037738048677,0.10742857142857143,0.19584332,1.0,0.7122814,71.00081407172242,74.02715115293952,0.004968253,1
0.23313504639081659,2.3605218603265334,0.10367733021575087,0.17017871,1.0,0.76042616,80.39955166293258,80.06269153897155,0.004795491,1
0.2285562165207375,2.381066565683277,0.10039355461498478,0.1804972,1.0,0.7446128,88.77041928179861,86.02370442383301,0.006053887,1
0.2278444106361516,2.342030509872734,0.09719299722245603,0.16459832,1.0,0.7729801,89.56053710933858,97.08341304405403,0.0069164676,1
0.22843799486460747,2.362629621189827,0.09287332608815782,0.21549284,1.0,0.73417103,89.18534847414975,102.78844105398618,0.00454332,1
0.22692290569431153,2.364601018857377,0.09497283950617284,0.19456089,1.0,0.74388325,86.12221833171502,100.8826557227429,0.0035243784,1
0.2291153574229897,2.407267360722466,0.100320669370766,0.16846475,1.0,0.7589542,81.58493939374107,93.68140781688825,0.0029252144,1
0.22921745663789542,2.334691087087515,0.0976155768429821,0.1718025,1.0,0.7790362,75.7107979068891,84.9002530144028,0.0034475233,1
0.22998562583692592,2.3428944859450733,0.11030487622801517,0.18988469,1.0,0.73207194,76.23888593281585,75.66385710353836,0.003434116,1
0.22547977022231558,2.319328846722519,0.11409908122462684,0.1988231,1.0,0.7904144,75.13434263152313,75.71005017886888,0.0032934584,1
0.2234263504386827,2.3167506884985696,0.11017249527410208,0.20710807,1.0,0.7639343,73.7570014898237,77.27882844884766,0.0027672097,1
0.224986360687811,2.30918599166468,0.11074257832844495,0.18728669,1.0,0.7873871,79.69987869298869,79.1203945697422,0.0025081425,1
0.2272724469865859,2.3928122434346584,0.0986135907778439,0.20002957,1.0,0.788408,86.97730333208526,94.8688060220813,0.0040950035,1
0.2259359958835801,2.442294573392582,0.0929694315369688,0.24613853,1.0,0.7390077,85.90700655330498,106.23430434683208,0.0065555247,1
0.22604755819269867,2.4265424359004704,0.09966562210045342,0.24873954,1.0,0.72882783,90.87379489110702,105.12038716101046,0.00790844,1
0.22715400019817372,2.403925268551593,0.10144112741515339,0.24726373,1.0,0.73834866,85.07082449469436,103.12463386021153,0.006799051,1
0.22782208579478805,2.356202915092745,0.10338122774677407,0.16301516,1.0,0.7947361,81.04996998753147,90.42712255964403,0.007829643,1
0.22980050839208752,2.2829344126516937,0.13226803158453232,0.23981863,1.0,0.4885106,79.00789422698188,77.1039797249136,0.024441985,1
0.22620930859048466,2.2263955127556367,0.14477435200210517,0.25682032,1.0,0.45455146,67.06735434715507,70.66140332256249,0.040404707,1
0.2259355700917142,2.305430942147471,0.1392074321381913,0.2580634,1.0,0.48826227,68.02987852007942,74.09466104175876,0.04067571,1
0.22638428854157394,2.285801601703684,0.11847620335316388,0.22702608,1.0,0.58123374,71.17805082026443,70.77433552163532,0.026444878,1
0.22510954879901068,2.4177022194269235,0.10716901088356355,0.2060035,1.0,0.7938956,84.09599472528885,75.32609762326868,0.028033197,1
0.22854532996320195,2.4491352726698414,0.09449962124400303,0.19969454,1.0,0.730703,88.23876377433537,92.72107445223564,0.035853427,1
0.22207602423307968,2.4472645249841003,0.08665476898671426,0.27653873,1.0,0.74762374,74.33049956277915,102.72871424314192,0.021787345,1
0.2225185381314218,2.417235911434752,0.09858280371100885,0.26456037,1.0,0.7283453,70.06460387441516,112.00513129924356,0.0113401115,1
0.21953810040345714,2.3890969636432495,0.10790697674418605,0.259823,1.0,0.7412947,66.00817156246573,107.91244296724406,0.007928912,1
0.22081705034048452,2.3976177494571442,0.11221938839928285,0.2574764,1.0,0.721177,64.03285937355972,98.18371146380666,0.005895755,1
0.22180323844615893,2.3462910838915922,0.12533952014486194,0.23406248,1.0,0.612667,61.207308203660396,89.69433626456409,0.0063666943,1
0.22156144903647199,2.3345352149156464,0.121986252180158,0.26764178,1.0,0.62088954,69.00771276497542,81.83522370757188,0.0141626205,1
0.22515850629858794,2.3516248019584993,0.12246268428924637,0.21483906,1.0,0.70144427,69.18195629046605,81.43727001021358,0.015385536,1
0.2331840066741288,2.307942721997684,0.11319871414749852,0.17610455,1.0,0.7475675,71.02196699294652,81.04327074384625,0.014869953,1
0.2343297873141441,2.3417422329988926,0.11041207927021075,0.23945491,1.0,0.7625945,70.03820745917915,82.28005926434561,0.01330721,1
0.22238926210986448,2.4023976223757315,0.08264128494943486,0.25004897,1.0,0.736918,77.10434639179788,88.52722024286986,0.0048133,1
0.21789733375763565,2.3363461285210003,0.10322002543646665,0.20396583,1.0,0.7625581,70.86039416301382,85.32895095843354,0.0042657414,1
0.21771633163993417,2.2800259724219774,0.09717551020408163,0.16859058,1.0,0.7098316,70.21475928544076,79.62423336735472,0.0057711178,1
0.21954260748877902,2.2918753041616426,0.10264292158107521,0.15052187,1.0,0.76732916,69.6350477535382,79.55512130732023,0.005778082,1
0.21790966021649597,2.3203994907699825,0.0931190650109569,0.19804172,1.0,0.766678,72.78106148275522,82.22545874381316,0.0050973133,1
0.21937445518681895,2.3833304391781382,0.09466876240047412,0.16904038,1.0,0.7210801,75.92827485888428,93.14536979185426,0.0032429933,1
0.2224009659888573,2.4099684562049544,0.08373795911974313,0.224692,1.0,0.7612338,87.93198093311182,101.92521864448274,0.0050852005,1
0.2293530658716191,2.492628387299601,0.07359558716794891,0.23672387,1.0,0.76955205,83.93458384167337,97.53375395278725,0.007110033,1
0.22856964963331963,2.4423555337845926,0.07251330805248446,0.2145706,1.0,0.7519034,85.44033043932322,105.95134757275818,0.005857887,1
0.22956621587621986,2.4468090220615264,0.08003759104080194,0.20142063,1.0,0.7644077,85.5106724209325,98.71771337494854,0.0046157157,1
0.2255040023364554,2.412593523657364,0.08202940899236498,0.20751986,1.0,0.72073644,77.93062034452272,91.41171227575344,0.0040189014,1
0.22381125331673338,2.3867827047647765,0.08448392937980986,0.19760934,1.0,0.67563456,71.345403357421,85.47544671746088,0.006392064,1
0.2194924346496878,2.3598577853621925,0.08317468243812615,0.189598,1.0,0.65730286,70.02924249770888,79.02545087328673,0.006980942,1
0.22048253232134982,2.2819914144437106,0.1170434265318263,0.20676446,1.0,0.5589419,67.26875044985772,76.65508587547454,0.010787775,1
0.22299359160055413,2.2117230765745295,0.11239669421487604,0.23064293,1.0,0.5416,69.00775419391243,75.0599800031146,0.010736781,1
0.22132631740543693,2.356969396743712,0.09906663516068052,0.21162327,1.0,0.6634399,69.18309778177544,87.6929826652943,0.0066838185,1
0.22514587490686322,2.4360378690784352,0.09541843023687532,0.2109582,1.0,0.734675,72.11174959362101,94.92141268317081,0.012213193,1
0.22078029616364153,2.4303952736366985,0.07892778861428945,0.2538995,1.0,0.7505397,80.23145472658632,104.78623905631781,0.019091541,1
0.21784997510915086,2.435172020389515,0.08460986327270181,0.25606945,1.0,0.7521094,82.22542861194954,105.1219174298959,0.019034045,1
0.2197660169208375,2.4058784885907234,0.07692442359202395,0.24061237,1.0,0.7451468,90.5209921829838,105.58959988083016,0.007836543,1
0.2197290653919179,2.3825692283589612,0.08641305299276973,0.23263758,1.0,0.74625707,88.05703097857781,106.89293757657536,0.002854546,1
0.22006618654778298,2.3962932417248726,0.08178259058725532,0.24190354,1.0,0.7150602,86.34830894892227,102.42155051010215,0.0020097098,1
0.21861343170246286,2.4130339251782336,0.08591420241566014,0.2634344,1.0,0.7320276,89.49881367667673,99.76789968619404,0.0019715228,1
0.2202561349913633,2.399337533695334,0.10171702718626378,0.15527593,1.0,0.73797935,84.72382560944949,102.78719562324069,0.0049041403,1
0.2154689832233883,2.370341104196998,0.11018728479045939,0.17009158,1.0,0.76146907,86.88544019021857,83.67838131857278,0.010775355,1
0.21359114026376502,2.363297476684294,0.10628396346398428,0.19633397,1.0,0.7482023,79.12062481033935,80.75312778667954,0.012354726,1
0.20646298446024192,2.3713114994244804,0.09653761869978086,0.22665596,1.0,0.6686819,74.04138114328153,78.16061230867156,0.011746367,1
0.2115180377653516,2.349701843184234,0.1078305920539309,0.20271544,1.0,0.69559157,73.24677940425791,75.710103444923,0.0052999095,1
0.21062671616680545,2.3362789423584327,0.10803560156545891,0.20648843,1.0,0.6883074,69.64320436510398,78.64495704136269,0.003559593,1
0.20842145489246017,2.29605917380463,0.1113824364335643,0.18685806,1.0,0.68665844,66.94089904173207,81.4924972542086,0.0024934984,1
0.2156888570444038,2.248897691919214,0.12197073616826704,0.24786535,1.0,0.503728,67.0006256649861,78.84804099252811,0.012979776,1
0.2170549628850837,2.284359793640804,0.1533749164624638,0.26002797,1.0,0.490037,65.39120013952899,74.46491443033393,0.021172179,1
0.22340011901421872,2.3019868726219865,0.15734175249728274,0.273927,1.0,0.46584573,63.13506303650017,77.62093400896364,0.023791775,1
0.2298756967374057,2.2840561029984547,0.14688496903734283,0.2688299,1.0,0.49984565,60.83621642613835,80.30570875540442,0.017045947,1
0.22899346142594768,2.288017410308203,0.13024793388429753,0.26672822,1.0,0.47485793,61.3520395417281,88.14193306660032,0.0023624657,1
0.22132968618443855,2.3144872163238435,0.10985623149476512,0.23251304,1.0,0.5333755,66.48476072671882,93.40824245394829,0.0068435185,1
0.2195912929420936,2.488361168369897,0.0827236654473309,0.28589156,1.0,0.75245243,75.69023703588024,106.52969461023612,0.032946706,1
0.2125621605830621,2.500088492840512,0.0791715976331361,0.2969131,1.0,0.7298227,67.72013365540516,105.64586777291188,0.033994935,1
0.21202544600137693,2.4762057251130942,0.06764690690587283,0.2824451,1.0,0.7302768,64.62221356174445,120.43266885772985,0.020305127,1
0.20862075029372354,2.430154416304719,0.0758350687213661,0.29563358,1.0,0.7329341,64.03141742097428,110.38589768945712,0.008312083,1
0.21509466603661312,2.4315358026095457,0.0835358024691358,0.2563762,1.0,0.7261198,69.63503185067333,117.17111387624725,0.0060775857,1
0.21764315289479516,2.3925939989703924,0.10960616263646566,0.19814341,1.0,0.60296935,80.62493700117713,97.53049329640835,0.015171376,1
0.2158365073098578,2.3460709174332144,0.11462603878116344,0.17925838,1.0,0.65042245,84.85399924103616,83.38525680328613,0.021551179,1
0.22024888929254696,2.297695100305387,0.1120679012345679,0.1851895,1.0,0.6983135,78.23085393597802,80.02528538314483,0.022339048,1
0.22202119660177125,2.312930109032977,0.11153796487603305,0.23154828,1.0,0.5104954,72.02912046124756,77.31785205537375,0.018197687,1
0.2231516778877139,2.2834030878836433,0.13461891643709825,0.2424376,1.0,0.5321329,70.00069466823616,75.13325389667304,0.009025724,1
0.22227758773973966,2.3292914825093125,0.11620669607742554,0.23598218,1.0,0.5643713,73.00744054086002,75.4321447227715,0.007976003,1
0.2220783192443147,2.3236367641175337,0.11810143956079032,0.22736622,1.0,0.5852795,79.15864582752727,70.71092713673127,0.0066896416,1
0.22317264244290627,2.4226539907784472,0.10232064846847302,0.21897183,1.0,0.7067051,84.48144337035882,82.03755130966903,0.008262778,1
0.21431594082906774,2.531452807263131,0.07021914648212225,0.28820062,1.0,0.6866426,66.48341666676903,109.201911631227,0.026614022,1
0.21424037366559626,2.5049831178876176,0.06993227731864096,0.29289672,1.0,0.7297415,64.07824965187015,114.47725795865108,0.028429816,1
0.2082416743486014,2.538787100131267,0.0683754733793718,0.3080729,1.0,0.7177883,62.76961261665721,110.25921540236251,0.02087972,1
0.19777112835785088,2.5542936990490013,0.06208660749618407,0.34629655,1.0,0.69087064,53.82388072828965,109.60390769319858,0.0136794625,1
0.20221001065963495,2.514870663712318,0.06076782564877803,0.3368385,1.0,0.6911822,51.865395291545745,114.4903119138258,0.007229974,1
0.21377377126488062,2.437407301915691,0.09513980108838431,0.2760292,1.0,0.73517823,65.80312965133369,117.17521738062592,0.009871255,1
0.21906347664035206,2.360847814761001,0.10852249062890462,0.19877054,1.0,0.6160601,71.57043402553914,101.63756381875551,0.019442927,1
0.21754402966262984,2.307751205153976,0.12231836734693878,0.18514217,1.0,0.55675334,76.1651690235826,83.9528540813824,0.030248392,1
0.21325188480210447,2.2411472176896425,0.14644444444444443,0.22619316,1.0,0.5197296,69.02955819781866,72.06247342953614,0.030757595,1
0.21976178724795364,2.1859035435581227,0.15094123048668504,0.27232432,1.0,0.47534466,60.167111394484216,67.36471419272287,0.025925491,1
0.2286899428370276,2.201060893158613,0.16861929957168054,0.2707645,1.0,0.4742402,57.70642789182941,67.268327074468,0.014287142,1
0.2273949909469567,2.24642091942189,0.14624424720578566,0.25485313,1.0,0.49799356,56.32155554080718,82.49243073277249,0.00869641,1
0.2217610144358436,2.3811633341435945,0.10717519239474875,0.20688893,1.0,0.70763993,65.27725509822021,90.82425860433305,0.016505241,1
0.21817213502166388,2.442918281874355,0.10094768102017644,0.25016198,1.0,0.7099036,70.25745604697875,106.89277573421414,0.028086808,1
0.21161298081423488,2.489487978121294,0.08250905971534112,0.30765462,1.0,0.70908564,68.00755582584613,113.01793582361017,0.032212425,1
0.2190240736851868,2.4427403940097836,0.09441285489724233,0.24008223,1.0,0.717002,83.93499400941107,109.25254817522553,0.021613747,1
0.21930491018174783,2.407226335599321,0.097479576585246,0.2196262,1.0,0.7465942,89.0228293821489,101.84367004168335,0.0095669655,1
0.2203624343791406,2.441675502225229,0.10349378042184965,0.21906376,1.0,0.76573527,84.11930937376226,99.72538193381286,0.011287902,1
0.21791084043597814,2.4073497074746113,0.11233660130718955,0.22260608,1.0,0.7689184,83.2412467700653,96.10443225670406,0.011497698,1
0.22053128295024113,2.3838741153953924,0.10023571145184251,0.2397727,1.0,0.75348765,77.37162861045759,97.86241544914189,0.0047184345,1
0.21538695152997528,2.444031313250631,0.10943538505042888,0.27178973,1.0,0.7059277,53.08547044524114,112.53902226522203,0.008859331,1
0.21195253413770523,2.4824159670430674,0.09311650701715304,0.3079969,1.0,0.7665523,26.684560369956568,132.40090644600573,0.014162035,1
0.21731277341232833,2.396718831014212,0.08914536157779401,0.23605351,1.0,0.73319304,25.00882623308339,134.2386064425291,0.011509041,1
0.19602171623895603,2.559448691903394,0.06915589412126809,0.34135702,1.0,0.68062073,59.948402251051284,122.56026765377023,0.0134059,1
0.22213105364830246,2.439077356412024,0.08872560470598229,0.24223056,1.0,0.74248517,79.07613817240241,94.55763118346827,0.05117858,1
0.2230097491642168,2.4501544843854237,0.09561594921642531,0.20122163,1.0,0.7725083,87.47642559185124,89.49358552054596,0.056662306,1
0.225199025084853,2.42371735829316,0.09382915538474976,0.21673223,1.0,0.76506186,89.26968476677376,83.54722600230069,0.050290767,1
0.2225142059401054,2.326720196186204,0.10673130193905817,0.21121643,1.0,0.57717186,81.22422808703418,87.0062739627743,0.021328945,1
0.2169784546201446,2.28572507237635,0.11718201520100119,0.22373134,1.0,0.5377286,74.1097392955736,85.09451959960971,0.019717855,1
0.21634938722372338,2.248327920544853,0.13270686857760952,0.2288666,1.0,0.54212415,73.24751040273759,81.09899369343842,0.019858597,1
0.2176923012544345,2.258826920729483,0.14154546506693413,0.2241952,1.0,0.5458542,70.11450600617064,78.10249676279174,0.014184143,1
0.21726288682379286,2.2377705683709705,0.14110782380013148,0.22914895,1.0,0.5069168,67.03014664993671,75.28613045177009,0.0023039293,1
0.21855907835902375,2.260027279897467,0.1285094481695292,0.22246404,1.0,0.52959204,71.06372172515573,76.90257365754466,0.0010178323,1
0.21726640016494386,2.3557853022882433,0.11214192708333333,0.18004175,1.0,0.7012875,79.76398228120811,84.02404419569056,0.007393345,1
0.22247433473098577,2.435522087734116,0.09696771155381749,0.23187812,1.0,0.7530619,75.96074076805878,105.3049551041711,0.022383606,1
0.2205818390615838,2.4839152191570806,0.08159722222222222,0.26450998,1.0,0.7444727,86.37721448098378,104.20508066331911,0.029595675,1
0.2177806511879832,2.454004989507323,0.07540191586838817,0.25242645,1.0,0.7449851,90.07784038601066,104.71129258039478,0.023992263,1
0.21730675617983372,2.4540110008937774,0.08042013101536911,0.2628007,1.0,0.7134714,88.86513338606329,95.29680938965262,0.009978025,1
0.2226281831935482,2.4012413015277247,0.09053067626535824,0.23146044,1.0,0.770602,85.44049531563985,105.00536912494569,0.0038296073,1
0.21963221465244726,2.348504388291638,0.11908961115310322,0.1856378,1.0,0.6388185,77.66749472081514,91.08296792565913,0.010289241,1
0.21461132473966738,2.2598928380824774,0.13064252063216278,0.20757669,1.0,0.545308,71.56925997309312,78.00672605169726,0.018471224,1
0.21593337916689748,2.2355374851221184,0.1301010101010101,0.23394203,1.0,0.54049516,71.1136182879016,74.5453543717652,0.021857845,1
0.21650773761192482,2.2468140094095883,0.13895087021785874,0.23405492,1.0,0.4816263,72.00741902056559,69.87131034417102,0.019769557,1
0.21640927736406904,2.2195344338486214,0.14363405113810798,0.21725877,1.0,0.5425216,70.11442854729533,68.6585759988273,0.006977508,1
0.21748900036671923,2.2312051980480416,0.14285714285714285,0.20945716,1.0,0.5469013,70.00756869896664,69.87131356206197,0.0027641703,1
0.22062028164763775,2.2639043228273605,0.12728702848739784,0.21142551,1.0,0.54459774,74.02778786385839,78.00022338703931,0.001496331,1
0.21993042524790649,2.354421323054881,0.11626004382761139,0.18403067,1.0,0.6481883,79.40520303169903,85.0006742653707,0.0058083013,1
0.2200085516699074,2.4275095771604915,0.09788166544923302,0.2318607,1.0,0.7517741,85.70341736115807,103.09331296208346,0.016203336,1
0.2206708220418506,2.475093560046142,0.08418842941236916,0.24234948,1.0,0.77490073,92.72007629240471,95.52836898195852,0.023666872,1
0.2222610071688639,2.471454114839801,0.06625065255132392,0.24278158,1.0,0.75458586,100.88118928885156,88.86885561535397,0.021953782,1
0.22287225151228338,2.4476560745765057,0.0704280379201379,0.24216717,1.0,0.7485894,104.04332045667513,86.37471787795742,0.012813587,1
0.2237477954413795,2.4344966559278878,0.0767974063145097,0.2360878,1.0,0.7634138,100.96047548073905,89.63078882430388,0.0058165863,1
0.22440756925658564,2.4086806493476733,0.08435138761386908,0.18475431,1.0,0.7895918,93.94165532026484,103.08083417122758,0.005155295,1
0.22335357109079876,2.3895540993691218,0.10396975425330812,0.19085118,1.0,0.77923447,85.21195623185065,87.55620572305612,0.009099522,1
0.2193286080315036,2.327759598457678,0.09559461805555555,0.17537785,1.0,0.77405983,83.38505080160877,79.55541673694717,0.011095054,1
0.21959019318749826,2.3080331659942823,0.11161431701972242,0.17349629,1.0,0.7259947,75.06041967517137,84.34485811358503,0.009308119,1
0.21757941667517924,2.299580191826755,0.10950617283950617,0.2224112,1.0,0.58751506,75.0078320980447,80.89547895473541,0.011333881,1
0.2176193126446567,2.2782464686988075,0.11433719281663517,0.22901992,1.0,0.5731536,73.00873112748926,85.98909447367838,0.012512873,1
0.21782076105853904,2.293353729300666,0.11601704366724813,0.20375359,1.0,0.5479993,73.0021826352303,89.27010186429982,0.012138863,1
0.22116393657640984,2.3485344451380734,0.11485,0.20647015,1.0,0.6819459,79.10348988040765,91.67943460100201,0.008013819,1
0.22106956036248196,2.3478936255632354,0.10397332710399457,0.22479597,1.0,0.7479452,82.49304797729171,98.67195597195844,0.01103309,1
0.22298523943539125,2.4065046903581697,0.08649866082298514,0.2138052,1.0,0.7792444,85.51052195577,104.06320789969205,0.014795013,1
0.22043314121538649,2.3940958928412224,0.09046031424413785,0.21814637,1.0,0.7782871,86.97718062547945,103.12182023760055,0.013312809,1
0.221612820757479,2.3556000168435385,0.10306675577337195,0.20445932,1.0,0.63842857,77.06028514858464,99.46446249108274,0.006269375,1
0.22150992587532523,2.3773063983701825,0.10668973471741638,0.21560447,1.0,0.62139225,76.0611145515786,94.11255286099286,0.009737673,1
0.219970493161503,2.343613778785885,0.10891745740230589,0.22575912,1.0,0.5716489,73.06497713334028,94.72667680618503,0.012030947,1
0.21946080540736673,2.355761901305234,0.10571520506918146,0.19055198,1.0,0.6857356,76.06055882075896,93.1724527494255,0.008000567,1
0.22386941808049396,2.357861773533073,0.0963718820861678,0.21663396,1.0,0.7088999,82.39057670175424,96.13621011291049,0.004957624,1
0.22473900963729002,2.360549302799203,0.08964308977785763,0.21873227,1.0,0.76581883,84.38079152885737,93.60608401088923,0.007869216,1
0.22535029979227617,2.3220114860830297,0.08981903943221142,0.2123841,1.0,0.75743943,85.84335514784327,92.69894474420106,0.006653074,1
0.22411480748298904,2.3499396874765055,0.08700680272108843,0.20210457,1.0,0.78238606,86.47011105734491,92.02753804668865,0.007539138,1
0.22359186946607756,2.3860092036653593,0.079002532972312,0.20171404,1.0,0.78502095,85.8432257484713,88.5443697604235,0.0034053095,1
0.22342701859581654,2.3621302775940727,0.09229817825762066,0.20139927,1.0,0.709906,78.05849650987308,85.15896024133028,0.0042118803,1
0.22176357385690615,2.367131691191704,0.10806714518573594,0.20266657,1.0,0.6625819,72.17439809202077,85.375934119253,0.007201738,1
0.2248756470355314,2.355466221102699,0.11265359168241966,0.22329076,1.0,0.6146145,71.00837244918539,82.00636821271753,0.01019232,1
0.22849821899664408,2.4243125445531093,0.0929425132564599,0.18247631,1.0,0.7649384,89.45453254270586,90.42765874720403,0.0057488405,1
0.22873788261003655,2.4520827840074344,0.09126040428061831,0.21956076,1.0,0.77311254,85.70325206306669,101.53748450300584,0.00893265,1
0.22604279413961542,2.4247042274991215,0.0928254206542816,0.20638299,1.0,0.7575965,82.60808483473353,96.30269449942988,0.0094187725,1
0.22686035485136619,2.4141418119512092,0.10327186198691256,0.22501998,1.0,0.70559514,76.16672006734188,91.59198871579807,0.0061555966,1
0.2183896164994415,2.332758917975793,0.10958821398381838,0.21096022,1.0,0.5904536,71.34646880609064,86.31374785157506,0.008926261,1
0.219923266708105,2.312991080453786,0.11778224648089629,0.17528145,1.0,0.72296655,71.1132820744684,80.89513432648491,0.008914336,1
0.22128369885805163,2.2887703870160205,0.11804081632653061,0.1934653,1.0,0.63218033,72.11182216766528,79.07607841011102,0.007409846,1
0.22170123806176523,2.315706868856989,0.10853564049586777,0.18396345,1.0,0.6656041,73.33570896170312,78.84816423613067,0.0052472004,1
0.21472878263533185,2.149768014211901,0.13836669921875,0.26383197,1.0,0.66462976,42.3013357797126,64.49813838832658,0.016086498,1
0.2124302629752057,2.1940588546620208,0.11671705719324767,0.23700905,1.0,0.6682098,42.75881451809053,63.19830125580097,0.015823161,1
0.21341166011889345,2.1965050006748372,0.128698224852071,0.24679917,1.0,0.6826671,43.569932422638445,63.28511022734969,0.009905997,1
0.21578627534070477,2.1771453479408542,0.13714427428854858,0.24498758,1.0,0.67418003,44.41140307844394,63.38774281172027,0.0013937405,1
0.20977786731801093,2.189637492775053,0.11513423026846054,0.26528445,1.0,0.64050806,43.935825154840536,62.20142754582177,0.0013698965,1
0.21693762034852337,2.24059838796927,0.13658877687780432,0.26291728,1.0,0.68502843,42.301566173652084,64.38172448583413,0.0011069246,1
0.23255137658683325,2.143138072252497,0.13965973534971646,0.36794874,1.0,0.5849146,18.973666307237057,70.06749353605908,0.01189297,1
0.24863555580151164,2.061982522229526,0.19564633163128192,0.34163994,1.0,0.6208072,20.223749321069594,21.023853258315302,0.017772853,1
0.25634481241147317,2.098724659535957,0.20206601158982113,0.35789967,1.0,0.6329552,18.02775725103013,22.360685941870155,0.013890272,1
0.2548640679649235,2.207737642490688,0.17455418381344306,0.31919965,1.0,0.5663537,13.03840694608254,67.27051481755652,0.0055685565,1
0.25566621873000983,2.225002658991632,0.16618608227604767,0.32906505,1.0,0.59997904,14.142135808135958,63.642317614989416,0.0061454093,1
0.25874827775481457,2.1404637046246022,0.196533203125,0.33359447,1.0,0.6337366,16.031222108968624,27.51413125068354,0.007725417,1
0.23932826192290904,2.1247817825530513,0.14619981483040148,0.34367266,1.0,0.59355605,5.0000008371565645,74.54806075646857,0.0063289558,1
0.24174943104230434,2.137811159356563,0.15895336418654327,0.33912364,1.0,0.61745805,25.942258582031123,62.39622924999824,0.0061872294,1
0.25457424949737295,2.075711045748836,0.195556640625,0.34992453,1.0,0.63223684,17.117245538416597,26.306505302259346,0.0056805615,1
0.2426502560345078,2.050887366830565,0.20031217481789804,0.3455495,1.0,0.6559451,20.025114496345044,19.925798895161485,0.0061522317,1
0.22091985944053305,2.1756237161584773,0.15662933667475917,0.3572508,1.0,0.61335415,3.1622780770781156,78.77482311874519,0.0061081946,1
0.25444161695406387,2.1565872243335185,0.18678459937565037,0.30380917,1.0,0.6404599,17.26269923238462,26.833223656051633,0.0065233647,1
0.23781342364314764,2.1779831075255536,0.13361111111111112,0.36043873,1.0,0.5993719,13.00000435081491,71.17936344070374,0.0063235727,1
0.2141288663067439,2.229302405560901,0.15281908916650142,0.34140548,1.0,0.5849296,22.000049570831045,71.02423790588806,0.0070784194,1
0.21068747474751937,2.223643317544981,0.14310909549004788,0.3416289,1.0,0.63780075,22.090723917917785,75.50868293238851,0.0034999019,1
0.20799825540509256,2.2124974675480846,0.14366545265348596,0.30786204,1.0,0.64793676,31.021000735598108,71.58937962461172,0.0054745437,1
0.21060654184668257,2.1531206163810213,0.12542724609375,0.2882106,1.0,0.6236208,34.136073395564054,71.02138325764656,0.0051802155,1
0.21433266929654346,2.200077130361595,0.13442701760711495,0.2901964,1.0,0.6615785,35.061622826310135,68.88417534332508,0.0016982782,1
0.2106980337884171,2.2058365107981177,0.14437869822485208,0.28629297,1.0,0.6705701,35.061665760689266,71.38644982724246,0.0013222044,1
0.20944337035886415,2.1817907194082573,0.13792,0.28330773,1.0,0.63774925,36.017698282146284,68.24980490563472,0.0014524442,1
0.2074721812508394,2.1503656816309173,0.14016,0.2783089,1.0,0.62388366,36.34950431994189,66.9106093093778,0.0016792424,1
0.20520188126293568,2.17326598559373,0.12030738221214411,0.28299928,1.0,0.634681,39.6272077795858,66.1213674536668,0.0013529032,1
0.20735187139868244,2.1613370439614457,0.137216,0.27432844,1.0,0.66949326,37.48807118093373,67.18646088813686,0.0011686349,1
0.21340494897884216,2.1759105868103146,0.13334593096497857,0.26527599,1.0,0.6632648,37.1260232697598,68.2643079089052,0.0010779792,1
0.21167628875610855,2.179862280621394,0.11690602166792644,0.28286564,1.0,0.6629079,37.34173755507822,68.18373245704507,0.0008186757,1
0.21910439603551055,2.174320188390979,0.12298583984375,0.2829801,1.0,0.6198331,37.219288857111536,69.18117353221919,0.0009662711,1
0.2162784923759867,2.1706167142229416,0.129024,0.29179826,1.0,0.64857763,38.332007690734116,65.12318996750032,0.0010126794,1
0.21410089223762072,2.145109476505164,0.14322028644057289,0.2763803,1.0,0.6367253,37.12570394213517,68.26432911222687,0.00096105045,1
0.21188390722928216,2.152340709885993,0.1269755423351962,0.28590104,1.0,0.64578724,38.12306524056979,69.26049678984222,0.00091705256,1
0.21031739178140316,2.193416645664503,0.1317138671875,0.2752719,1.0,0.6449115,38.214744810013215,69.18103142352295,0.0006293515,1
0.21168603983643622,2.195766502996719,0.13604736328125,0.27818975,1.0,0.6673657,38.122745453860546,68.26432048426146,0.0005362066,1
0.21071533137313914,2.1780237823548405,0.12944066515495087,0.2871854,1.0,0.6384835,38.21434307380786,67.18654516482272,0.000552047,1
0.21380374994918744,2.112696097730405,0.1301965230536659,0.27362704,1.0,0.62566,38.12209942294142,67.18647171468875,0.0008435716,1
0.21443696134614545,2.1333454269703847,0.14424288233812044,0.27753544,1.0,0.6165563,37.340334913897514,67.11948328041291,0.000881504,1
0.2201411196025877,2.186689338805417,0.1279661577103576,0.2979765,1.0,0.65651643,34.01871313515188,67.11960368182298,0.0011979108,1
0.21678880397919836,2.1127970139200127,0.12375,0.28109816,1.0,0.6182978,35.23095491310335,65.06957576934197,0.0011483837,1
0.22210380773533112,2.090541740376403,0.128384,0.29465508,1.0,0.6695991,36.12975159179138,68.06631152649645,0.0013549989,1
0.21879813570777998,2.206787993098252,0.13189697265625,0.32129267,1.0,0.6714344,36.68089491405076,68.11765032125602,0.0022912666,1
0.21614876748869863,2.207632260623132,0.137728,0.32726672,1.0,0.71452314,33.533895148941646,72.36724695982433,0.0046209823,1
0.2174587033968423,2.242184816725555,0.13402366863905327,0.3252682,1.0,0.72343034,31.329609164681045,74.7263034379525,0.0071076355,1
0.21416878433212158,2.2521585289997006,0.13128605559116602,0.31517467,1.0,0.7226197,31.961434746091225,75.02683633818583,0.0071263653,1
0.21191737011979273,2.243298252884125,0.12884527089072545,0.3229448,1.0,0.7201391,34.792338201542435,73.53932486826,0.00609941,1
0.20753207017557732,2.2525941747660605,0.13889988128215275,0.3270068,1.0,0.7199688,33.84541422809375,74.84676573431209,0.0038336522,1
0.20406517810405692,2.261207419285647,0.14053254437869822,0.30987453,1.0,0.7059679,34.18239725655409,73.92582746250328,0.0020477339,1
0.2046382080378289,2.22941485567465,0.1352082206598161,0.32119414,1.0,0.7049438,35.4741789880025,72.49851124032499,0.0011621699,1
0.20762494624811942,2.2832955970824353,0.137396449704142,0.32337925,1.0,0.7040809,35.475637442344976,73.82431590640438,0.00094879814,1
0.22164269089055835,2.245007951592794,0.13296800201562106,0.34858936,1.0,0.6858135,31.787744615869126,70.2142110560757,0.0023767408,1
0.22420443577433832,2.2113673733059875,0.14756944444444445,0.31890833,1.0,0.6325732,30.418807677281468,66.91064316738753,0.005796167,1
0.22550797509648796,2.183605421977352,0.14069444444444446,0.33136,1.0,0.6663953,29.074852332931716,67.60210932169818,0.004806675,1
0.22517115724824613,2.122280088067539,0.15043090181594337,0.32886794,1.0,0.65779966,29.620462128606956,67.0822448328641,0.0026344757,1
0.22955621752494337,2.1087462189719246,0.1547069943289225,0.3437791,1.0,0.6285061,21.095024868380918,70.0681154966081,0.0021315173,1
0.22990008820262273,2.0445578753424547,0.14955357142857142,0.34011203,1.0,0.614677,18.248289634693705,70.03201054532313,0.003077658,1
0.2339769185274136,2.113403512355183,0.1541319857312723,0.33495286,1.0,0.5717907,19.3132080201439,70.03144763132286,0.004787752,1
0.23560820696343776,2.1772393639930305,0.14378052283826487,0.34850636,1.0,0.5845549,18.384776377949787,70.0102787671312,0.0045586284,1
0.2371493543569319,2.1758241008708126,0.14674104936092083,0.36164078,1.0,0.5893708,17.88854388324491,72.03098458842145,0.0027972187,1
0.23251737801168015,2.126636961248924,0.14162596954898019,0.34853634,1.0,0.58604795,16.76305618740046,73.0030792609044,0.001456354,1
0.23531851854225674,2.177768575993353,0.14657468752134417,0.36360776,1.0,0.58440846,17.464254002931415,72.0101854915728,0.0014755875,1
0.2335121414709419,2.1958059304062436,0.13807918566990549,0.3609905,1.0,0.58662856,17.46424941455306,74.0031841223993,0.0011336568,1
0.23379053092982818,2.137313578416946,0.149424475672622,0.35180348,1.0,0.5878788,16.49242258697569,72.03097602289235,0.0010535647,1
0.234105146295456,2.117704877385912,0.15361926020408162,0.34361568,1.0,0.5894547,18.439088993026697,69.11904508299472,0.0012568656,1
0.23521774846780086,2.086350102452749,0.1456599286563615,0.33870757,1.0,0.59822136,16.49242257940634,72.03084103956408,0.0012087667,1
0.23673093837323136,2.1641039518568914,0.1603884407549534,0.34264866,1.0,0.5603126,19.235384333777603,68.06898247667954,0.00083795533,1
0.22936656602098654,2.2261336191377956,0.16037807183364838,0.34386334,1.0,0.58967453,16.1554944572617,73.03053792907076,0.0009265553,1
0.23432420990429065,2.1164388296907846,0.15912208504801098,0.3464687,1.0,0.59401655,16.49242250968609,69.06838345984265,0.001106065,1
0.23817509803372292,2.129484744014528,0.1631294541467617,0.35231146,1.0,0.5905952,16.27882199592254,71.066672782336,0.0011455015,1
0.2368986587825801,2.0867629789018447,0.14421237244897958,0.34516564,1.0,0.602531,19.104973808383345,69.11925253138125,0.0011312878,1
0.2326954679991061,2.0885078474590304,0.1527919179262276,0.3508626,1.0,0.5871969,18.439092399213315,70.11729954663458,0.0005320153,1
0.23296343071479056,2.1128150038270443,0.14788941736028538,0.35994276,1.0,0.57934463,19.235384098950455,70.1176267059253,0.0009659799,1
0.23340827025164795,2.179528146350421,0.1504131064190382,0.35027948,1.0,0.58639115,15.524174715889975,74.11111743867576,0.0007918517,1
0.2349439549720588,2.1626417400722113,0.14702351528846833,0.34666377,1.0,0.58145976,17.262677247004568,71.11564411339215,0.0008027605,1
0.2362609901751722,2.1599818330447227,0.13839413961505315,0.36166048,1.0,0.59551024,14.560219784662841,73.2494365409589,0.0007211276,1
0.23839753498018362,2.1649506437751707,0.1376937618147448,0.35295483,1.0,0.61817497,14.317821119288107,71.45271219726783,0.0007310121,1
0.2358857772639454,2.1900165239164857,0.149413988657845,0.35039085,1.0,0.5947715,11.704699928995996,73.4402427358064,0.0008256412,1
0.23330725237555852,2.172626747654598,0.15920283164050478,0.3588106,1.0,0.60333437,12.649110650229046,72.34294339339955,0.00094533555,1
0.2314352252080408,2.093080861797659,0.14892561983471075,0.34446636,1.0,0.6053056,12.04159577427391,71.7040016643452,0.0008824715,1
0.2330078605104715,2.098427416861303,0.15294854726290233,0.34559909,1.0,0.60357875,10.19804373937748,73.4401866060501,0.00062094367,1
0.23565686489859905,2.1533816785875413,0.14323752838906728,0.34983465,1.0,0.6018171,12.165525402408782,72.6941782847003,0.00038697303,1
0.23735091491781682,2.1436225358145764,0.14805293005671077,0.35077974,1.0,0.5950205,11.401755424072517,73.44029587359877,0.00062913564,1
0.23741236480210898,2.1253094025075154,0.14033165315216597,0.35336933,1.0,0.6039928,11.401754353990228,74.54850293688855,0.0006745274,1
0.23864299081398924,2.1667086493583056,0.14435507038207412,0.34887224,1.0,0.594602,11.704701132708703,74.43425219435532,0.00067761337,1
0.23672457373362,2.1861343139273264,0.15097803827413317,0.34602314,1.0,0.60477066,10.770330425549073,76.3247600266268,0.0005179054,1
0.23324723475206374,2.1735771030431668,0.15162627551020408,0.34795132,1.0,0.59439546,13.1529464401879,70.86226597476197,0.00052654184,1
0.22877394358787134,2.376834434113191,0.09012762018118098,0.17888594,1.0,0.6990556,83.38584337120072,97.5149634244091,0.02184076,1
0.22966781440031822,2.3707576797014296,0.09599204881656805,0.18779545,1.0,0.70327425,82.73581694445379,96.3024012133518,0.023266146,1
0.22998192690716537,2.4181229670673012,0.10096951698838326,0.18076783,1.0,0.7470611,85.28876443786478,94.36705499866775,0.01730382,1
0.228113551437457,2.4175849899221213,0.08088544735291642,0.18519226,1.0,0.77513814,86.47026365364084,91.67916128373453,0.0024383035,1
0.22703651518112125,2.374508403507707,0.08272168220591153,0.19830692,1.0,0.72940344,83.6014144872919,93.40829029669024,0.002304283,1
0.235264491730633,2.3701467127971583,0.07890202834990993,0.19029129,1.0,0.7126758,83.48687904763523,96.76807803172714,0.0031112845,1
0.23021343883808026,2.3852749084727822,0.09371014030612244,0.24076322,1.0,0.73998487,84.38075973070202,98.68183534908714,0.004017932,1
0.23154501763676794,2.3318690284956065,0.08437841932497264,0.21904509,1.0,0.73731494,78.10359269816739,100.90131880245731,0.004389347,1
0.23836460741529011,2.3474227310486606,0.09822564166718792,0.22799534,1.0,0.723842,75.06078038249167,101.59254579971977,0.005112553,1
0.24009105519100574,2.3005805208887673,0.10087281530718427,0.1687817,1.0,0.7749854,73.17179145714637,104.78582382032147,0.004019954,1
0.247206786758779,2.314522666114333,0.11852709190672153,0.24038407,1.0,0.68371576,69.00885966747944,109.00508737874976,0.004119823,1
0.25142222693719574,2.334331946389283,0.11514893271650029,0.24366874,1.0,0.7429499,71.02858380920718,106.02392140290783,0.0033382943,1
0.24699374928503715,2.31866314083898,0.10664718772826881,0.24830586,1.0,0.7549258,77.00744345584023,100.22508179635643,0.00395814,1
0.22775838629603884,2.2304736252042714,0.09131985731272295,0.27108833,1.0,0.6565331,61.71750517571267,64.84602117569224,0.012219639,0
0.3032967814786892,2.1519787900446317,0.24521683673469388,0.2305482,1.0,0.42217723,22.360679807253167,28.460678339210595,0.029333714,0
0.20289898034829104,2.0087529917137266,0.1966597860761869,0.22059344,1.0,0.6357724,32.69712613886959,35.468843724412416,0.031866327,0
0.2854691700864251,2.1714002302259483,0.1759982638888889,0.25004643,1.0,0.6759562,51.108198326881755,29.529646136341718,0.0408638,0
0.21736266208300345,2.1660596026923313,0.21306122448979592,0.26036417,1.0,0.5922154,37.64338105119174,21.587501136776904,0.040520046,0
0.28744167743858057,2.280855028830617,0.20929783950617284,0.27504244,1.0,0.6125918,26.305893836746197,33.544063331208065,0.04352476,0
0.28565545436136686,2.018958209876525,0.2653061224489796,0.25041145,1.0,0.54836345,13.416434410142884,18.24847645908547,0.037897374,0
0.2097402521519951,2.196599877175669,0.2493877551020408,0.21239825,1.0,0.67654574,33.54126245519016,33.106178502807545,0.035176367,0
0.24203191928963713,2.0410900248231254,0.1358759495653536,0.2782722,1.0,0.68883103,12.53140532427324,75.2417324904909,0.03313499,0
0.239571994035187,2.1383206244258655,0.17588975694444445,0.2763256,1.0,0.7126111,57.70616208598747,30.479507298978113,0.03691055,0
0.20016934943400316,2.320049516444432,0.11127308066083576,0.27948713,1.0,0.7243367,121.84008282321176,78.59160379486012,0.035456065,0
0.22489359323733438,2.3312587013932764,0.11775548696844994,0.32404816,1.0,0.6630138,82.00693907291145,92.89336358659634,0.03435027,0
0.2359231891909398,2.0444422757223624,0.11046511627906977,0.23794319,1.0,0.70294183,65.80464629071203,78.10255343323072,0.032739416,0
0.24945345418710754,2.0227318581159204,0.09062604926589543,0.21749933,1.0,0.5760244,80.65665826636436,86.83359822246548,0.023777112,0
0.25517562376955694,2.2380033021100787,0.09956291027564071,0.28324074,1.0,0.7053873,93.9203968532525,95.51155349537433,0.013031282,0
0.24258995428671715,2.196620943435119,0.08341362521036472,0.3017871,1.0,0.68036735,104.04335755382932,82.46461746174029,0.007582275,0
0.23819606595917256,2.3892394071955914,0.07296803090072321,0.29778677,1.0,0.69410205,114.1622258336891,73.06501200206307,0.0071655205,0
0.23775434170704673,2.3126739422260427,0.06813989752728893,0.24180381,1.0,0.72299355,144.8468013196005,70.72774746595246,0.009544371,0
0.234795930679085,2.3396918724160627,0.15225509910945131,0.30987775,1.0,0.6904439,64.19556476173747,78.16012300077013,0.0053196875,0
0.2556335589375559,2.2790368750307515,0.07192950675430879,0.18739685,1.0,0.63996667,130.6030303567066,97.51260637748479,0.011073116,0
0.24015578214914438,2.321434798632995,0.0738759500625744,0.3089822,1.0,0.69155484,136.30859150557927,48.79783952801964,0.011411078,0
0.2389100330510178,2.368537033710028,0.06732278710300689,0.26677212,1.0,0.70173556,144.80692378789462,48.16733195189122,0.010892355,0
0.19407336264108016,2.4257486235346755,0.06535502958579882,0.22283387,1.0,0.59182596,119.94208830041234,80.06009204867243,0.013929785,0
0.20250109700472155,2.485263204952905,0.057283455700193685,0.18823609,1.0,0.6851435,137.93120317434216,58.01104371324411,0.012929559,0
0.20111969189576445,2.571237006197759,0.04507755102040816,0.19660099,1.0,0.6012652,181.4635195774613,29.277045378605035,0.014540086,0
0.20744410252384748,2.625570861028102,0.03320841551610782,0.2105513,1.0,0.57408905,201.1592749607884,8.00008166175328,0.011278073,0
0.17739087992700758,2.146260855564963,0.11287221024415826,0.23170862,1.0,0.5882885,58.139111712360354,52.00962094828195,0.003681083,0
0.23759491610955139,2.5810278744923036,0.04216490360640431,0.2788897,1.0,0.57921755,40.60832663235003,113.20788209567893,0.021957746,0
0.21963866095525195,2.36966520253161,0.0607298320990446,0.35683295,1.0,0.6648673,31.906684119698095,121.80722481491055,0.03559234,0
0.22965920089818526,2.3406038727062226,0.07689745491983224,0.37368748,1.0,0.6490242,20.808664477072014,121.20235468248165,0.039787214,0
0.2283162713857197,2.557146040763018,0.0464012882324186,0.3623024,1.0,0.6364122,31.78052005038868,103.58573917722084,0.028395243,0
0.2569271760181083,2.4320107315179955,0.07534631054775917,0.29457918,1.0,0.59911734,96.17733127185022,99.6932613848471,0.0344401,0
0.24008215131321517,2.252607285918557,0.055902366863905324,0.28455627,1.0,0.6350759,112.6989141646746,86.35189014273719,0.044990335,0
0.245200219130991,2.3065713005961945,0.050763479122562044,0.27131027,1.0,0.61725986,135.05927472085804,70.77785828798439,0.047035743,0
0.2537343594868674,2.2745624644051072,0.056542991689130996,0.28557163,1.0,0.58693373,131.03435486516724,68.54522194019387,0.030108156,0
0.24721037483487576,2.270975709895823,0.05325802615933413,0.27956343,1.0,0.58996826,128.35111562853427,72.45347205388627,0.0014278551,0
0.2431198955121575,2.2618210901843803,0.054501442613330724,0.26469076,1.0,0.5944264,129.69201659002965,76.89928714300112,0.0013289349,0
0.23697574336254504,2.2437136370056683,0.06176020408163265,0.26561725,1.0,0.6154542,130.17693081148653,78.43818721736177,0.001130808,0
0.2373872113339465,2.2904497472412686,0.059505915905499675,0.258591,1.0,0.6110848,129.2943283219622,78.11225679026502,0.0012122373,0
0.22218586742765614,2.2872548399049997,0.05503045578659945,0.23613764,1.0,0.634485,134.238699886101,80.99688539670346,0.0017121335,0
0.2319422456080869,2.288387178417178,0.047171688608204775,0.23794112,1.0,0.5993613,150.7647205640381,68.47864956859067,0.0015560103,0
0.22639978072997463,2.4410460857579146,0.04654296875,0.23045686,1.0,0.63082445,160.65491102382552,63.28743762517737,0.0014784735,0
0.22372476502196914,2.3352193961862855,0.046129032258064515,0.24344514,1.0,0.6299064,153.07519026173335,66.73392584472641,0.0012239249,0
0.24141781606467988,2.3708063057328252,0.05569713758079409,0.27435547,1.0,0.61063445,127.47557062244285,75.89808489907084,0.0018679261,0
0.25452225005326135,2.3150591405909497,0.0628653556473791,0.29454845,1.0,0.58360034,114.52956706597335,82.97312067871681,0.0037059993,0
0.2468665669118379,2.290867553007266,0.07055393586005831,0.28425282,1.0,0.60493475,105.58906911118875,93.1753803168762,0.0037957751,0
0.24798698507223194,2.269753200875309,0.07269151959812281,0.2738771,1.0,0.5917834,104.65674204592788,89.82520383933415,0.0028094237,0
0.24487246988529568,2.2611753139500346,0.06381783330028422,0.2776745,1.0,0.6161107,106.89277757555516,92.96587488151425,0.0012599609,0
0.2404295535053915,2.25682806476143,0.05928994082840237,0.26366013,1.0,0.61601955,117.18387914037751,87.80428117135737,0.0016059562,0
0.2421939350099404,2.267287048378611,0.05919335073791891,0.2680753,1.0,0.65452963,119.86670714854694,82.2288966302162,0.00152602,0
0.2395710998074478,2.2152344614494734,0.05343617732234351,0.2608011,1.0,0.6662245,122.1188774009499,83.9378587920301,0.0020884075,0
0.2408428218521351,2.2395376674083236,0.06635664958788148,0.2691093,1.0,0.63054657,119.88342538310444,82.97360370118405,0.0013299125,0
0.23812305422614233,2.2654733956470294,0.06498575951654643,0.2524956,1.0,0.63557273,121.65558110391714,85.86973474743561,0.0010274203,0
0.23861706396388063,2.2087622064647032,0.05868280526877893,0.2589811,1.0,0.66742045,119.40698714583402,84.40736819178518,0.0009472382,0
0.24460831626285165,2.2494094914332603,0.062346847850300736,0.26886117,1.0,0.65172297,121.19834893233063,85.86967558649354,0.0009635605,0
0.21096891802312182,2.221347445565941,0.03650479260940595,0.180555,1.0,0.71187615,138.31137077375612,94.58147406736781,0.0051568993,0
0.21853776601513109,2.226804011033147,0.04672006869809068,0.21130398,1.0,0.64567924,140.42802786988585,74.63536037151655,0.0050681117,0
0.22776757786220367,2.3156641683555144,0.05138545953360768,0.22656435,1.0,0.6777368,135.5324581738317,78.75024005879268,0.0045994073,0
0.2344268282535884,2.252368211191164,0.05688920357838265,0.25793424,1.0,0.6731921,128.41358648516848,82.28390904370237,0.0046057953,0
0.2512828948960645,2.172160577992914,0.06606447647018646,0.26127255,1.0,0.6333602,106.4711667328159,97.29678122253948,0.0029341266,0
0.24995323430097427,2.165835569904374,0.07251604599569848,0.26337138,1.0,0.6727166,109.59054078998166,99.04402310198189,0.0027440295,0
0.2463926386766191,2.1634693562241263,0.08634074074074075,0.23148137,1.0,0.69138634,107.91270639113753,100.02423101025887,0.0029016167,0
0.24657349007776444,2.1579334137423456,0.0911339459872509,0.22213762,1.0,0.6838577,109.77306494364711,98.95832365212925,0.0034593781,0
0.2456701911011241,2.15674034728797,0.08685950413223141,0.21628447,1.0,0.70925564,106.55106368040786,100.44100959682616,0.0032183137,0
0.2508523941543812,2.194108667080499,0.088277162203755,0.23566443,1.0,0.6820758,108.70653604112503,98.84735226076651,0.0019426575,0
0.2513699148105938,2.1845101345655977,0.09181765167206257,0.22743413,1.0,0.7140006,107.42484816099191,99.04448624230217,0.0009350579,0
0.24962776953149113,2.1889937534923023,0.07551011659807956,0.23226808,1.0,0.7113223,112.00517512695296,99.69129268053315,0.0011887375,0
0.252932010176083,2.185595472289734,0.08435287780855648,0.24176924,1.0,0.6559145,106.5510666960896,100.22865895051127,0.0017178672,0
0.24806072254802186,2.220179532450968,0.09131801904096427,0.19513264,1.0,0.70524013,110.14617119646707,101.63830188731741,0.0021065797,0
0.23562743444430484,2.1420701382657166,0.07487528344671202,0.20415549,1.0,0.69554585,109.17956011037398,98.8448484214093,0.0022094965,0
0.16665168636250835,2.7853193420356015,0.09001568473679052,0.19742227,1.0,0.6273899,115.10529757711893,92.34932021246541,0.0033570442,0
0.13802922145494392,2.763183735472665,0.05986137366099559,0.23996776,1.0,0.56095594,107.35581540705873,95.13088827937376,0.0069840685,0
0.2598491376001487,2.1449994399017385,0.08197479477396231,0.31845817,1.0,0.6200737,88.73282309113998,70.2145360165975,0.010623402,0
0.2548343555567986,2.266196555486742,0.07863830956251001,0.30226347,1.0,0.6627228,97.09910948280601,75.80333452080374,0.011158401,0
0.2708709622594948,2.304439688884884,0.08760007645097581,0.28865033,1.0,0.6607471,93.49403197246838,80.0638732689974,0.011555735,0
0.26707949763594163,2.271740644087024,0.0772294155668147,0.29873028,1.0,0.62864274,92.65064284271456,78.91946548372202,0.007587674,0
0.25981970899860585,2.2400551174228545,0.07765346364883402,0.29537514,1.0,0.6295691,92.11506388446526,80.754478344605,0.0026792588,0
0.258576624959564,2.2238759042196063,0.07909843360626558,0.29302952,1.0,0.64765966,93.49430413614029,78.77343619876132,0.0010454967,0
0.25686209564651535,2.2246916832621895,0.08422426226505804,0.2852287,1.0,0.6535422,90.21195395106044,79.22846271430947,0.0011289004,0
0.2573247131108888,2.2262444343287076,0.0841973795833726,0.2837311,1.0,0.6796238,93.81459533440257,77.52485556897027,0.0018117513,0
0.2568493495270501,2.215329437466224,0.08121543093187705,0.27686906,1.0,0.67488503,91.81058379374363,79.51181774006862,0.0016753316,0
0.26084576504034945,2.215781430796721,0.07908987684513931,0.28894117,1.0,0.64790505,92.65087822248894,78.63995478432335,0.0014548753,0
0.2561548990526569,2.2843377244743293,0.07073031443160441,0.26897097,1.0,0.67689675,109.60404318392575,95.63811007096393,0.00159094,0
0.25243970075478556,2.2886863829310014,0.073782140260427,0.2462095,1.0,0.67567354,118.43167591886728,92.23161076910121,0.0025546288,0
0.25864885340048666,2.379162254145368,0.07001371742112483,0.26277927,1.0,0.60036284,129.00401163169158,81.25600685754273,0.0037290712,0
0.24393504733869287,2.296259245573298,0.06807692307692308,0.2507157,1.0,0.6293818,128.16027601462815,84.53157945297843,0.0037363402,0
0.24854164472697995,2.298321703911367,0.06589068236116777,0.24821927,1.0,0.6208661,124.02040793249668,85.3321815143854,0.0025597662,0
0.24385347558662143,2.2471049275070527,0.06305809394612484,0.25325182,1.0,0.65961987,123.17481486399572,87.47942827064134,0.001907699,0
0.24668387523127128,2.257104539463427,0.06768837803320563,0.25663888,1.0,0.61509836,121.79504676268785,85.33216898842055,0.0009231675,0
0.2501194544029704,2.2391430390366516,0.066566792922155,0.2695242,1.0,0.6299745,120.73947188398986,83.36431203306721,0.00075026887,0
0.2503009875359731,2.273690485789973,0.06627951016285823,0.2593842,1.0,0.64538544,121.7949694293269,83.74713968603888,0.0008223825,0
0.2446384205318739,2.255990249633317,0.05755363259419506,0.26024228,1.0,0.67474425,119.88752219711328,87.13565008651797,0.0013520925,0
0.23964438013841902,2.2458131677461783,0.0750302338081161,0.23589319,1.0,0.6733526,120.41619046863431,94.36962716106513,0.0020928327,0
0.24656596943396206,2.2394931492030015,0.06928189677360748,0.25689247,1.0,0.6167293,119.708202592372,88.68783149360542,0.0022742173,0
0.24662463822251365,2.2736213570783996,0.07557093425605536,0.24476653,1.0,0.6551276,122.45021882254554,90.25855465499913,0.0022695872,0
0.24974822904261648,2.2323060528458076,0.06568178768950969,0.2655951,1.0,0.65190446,117.47782608533701,89.8089086737705,0.0015462236,0
0.25075350775169847,2.3556838532072732,0.046907546867489186,0.2692576,1.0,0.61688256,149.21928236649728,63.90618127848699,0.0016054315,0
0.24855611500248007,2.306206967098366,0.05352484918126975,0.262254,1.0,0.602434,134.30189874693545,72.42520229203916,0.0017928206,0
0.2473161212273877,2.285114596771569,0.046964490263459335,0.25861508,1.0,0.6132044,134.30190044453474,72.80405416612085,0.0016621846,0
0.24891011796385712,2.2824485264764984,0.0558718492831634,0.28156155,1.0,0.61556625,122.96750626828535,78.64827184158156,0.0018496058,0
0.25106217502064027,2.2732940846828225,0.07221126451895683,0.28911605,1.0,0.64813596,99.32297322558082,88.12317084810259,0.0018757994,0
0.24051288346222,2.233454973615791,0.07948843613619921,0.28601703,1.0,0.63967365,91.58710379119286,78.4481600898228,0.0020527607,0
0.24470961900400742,2.1727328296281816,0.10665553781390623,0.29778582,1.0,0.64828277,70.49196336597933,63.63967436342217,0.0019840207,0
0.24389936633939474,2.199669939418895,0.07141409862034666,0.23596954,1.0,0.6833768,114.82636424875089,97.32792519034182,0.003237569,0
0.23565264061255825,2.3945538475660206,0.05130542271722709,0.20509817,1.0,0.6783888,145.66063758906986,83.93784279770107,0.005188495,0
0.22477366295964377,2.265500795677918,0.05274305993912104,0.21105157,1.0,0.6729182,142.57999424366412,80.81214391213769,0.0054549915,0
0.24523211162975758,2.3136140113753836,0.04804097150218368,0.25727355,1.0,0.6629304,149.56605116750245,66.4106041478427,0.0030241814,0
0.24737244218893775,2.3007941294892222,0.05040900657783775,0.24627303,1.0,0.62845826,143.96181578596742,66.73356005539927,0.0024456992,0
0.24388348177303462,2.3047187444344983,0.05187417902045412,0.25008577,1.0,0.6457527,141.8344786311596,74.72970112490759,0.0024307135,0
0.23732085459218247,2.330244858597303,0.05016636476920903,0.23386909,1.0,0.63317794,137.59373230312283,87.5586142516379,0.0020085666,0
0.22890687168228838,2.2887471624311524,0.05027570099915701,0.20519362,1.0,0.6911922,136.4845419837421,90.80485713890353,0.0020459385,0
0.23521322832794542,2.2416996072498865,0.05832214677631665,0.23467375,1.0,0.64611775,130.51063606303612,83.18966274987066,0.001969683,0
0.20961438081848022,2.469749970267174,0.10228388871082805,0.25836432,1.0,0.68341655,143.67490502867312,69.08268946182503,0.008943381,0
0.2067740345710739,2.473571905031092,0.11138376552227904,0.27404472,1.0,0.6864552,135.05953238225158,76.69717848815365,0.009148833,0
0.20590776311349107,2.45532408849279,0.10928590053169178,0.24030061,1.0,0.6638106,136.40072443157325,79.38191065314831,0.006881402,0
0.2038560229069263,2.435074903183172,0.10410138731959603,0.21678004,1.0,0.7026042,139.2052738614664,79.12348461658085,0.005144903,0
0.20386416837276386,2.4135462899886497,0.104589774078478,0.22322482,1.0,0.7105601,136.40054947523547,82.6410940604066,0.004421181,0
0.21176982640451775,2.436883745672761,0.09141507842806544,0.22865392,1.0,0.702347,146.6875660773509,80.7807549217313,0.0044015637,0
0.2111093758934078,2.4336791126695263,0.09064262241875938,0.25420976,1.0,0.65941554,146.26430947752272,76.66435075126587,0.00478691,0
0.21361321999992675,2.4565436205831923,0.09444855358316896,0.24524695,1.0,0.6690021,144.5075739517549,76.54007155565662,0.004914916,0
0.21456550200252095,2.4754283828584183,0.09854402898522942,0.2652552,1.0,0.64224494,156.52555815593183,71.282473683396,0.0038783085,0
0.215746040900749,2.488073416522757,0.0986054800623747,0.24894701,1.0,0.6698471,157.17865514068373,63.008496792498235,0.0032664207,0
0.21117285361878355,2.412783706755486,0.08872969491312407,0.21646039,1.0,0.69845766,148.03411217118094,79.61453407981762,0.0033544798,0
0.215841070796515,2.483146414919028,0.09196171490459544,0.26422343,1.0,0.658826,154.54832769611264,64.07107789554286,0.0037210789,0
0.2130973613249027,2.480642922611239,0.08325446187128177,0.27018276,1.0,0.67332405,155.34826713354505,59.64177454764305,0.0040783803,0
0.21279171513867362,2.469619117605365,0.09130072840790843,0.27988333,1.0,0.66993153,139.98950060486675,73.24878273208753,0.004129783,0
0.21534477898992602,2.477267685397939,0.1073407274745761,0.2769055,1.0,0.62726426,134.61801257099745,71.19986207175485,0.002196194,0
0.21413157968868193,2.4838051591176953,0.10531676728665557,0.2714578,1.0,0.65533984,136.16620715583727,71.59225168332337,0.0018680838,0
0.2137572366240193,2.518050704300705,0.11304510987737443,0.27914852,1.0,0.63187176,133.93379382792043,71.17850301289627,0.0027105566,0
0.2146787431943066,2.499138835305688,0.11623724489795918,0.29221377,1.0,0.6450908,111.35984553840639,82.87602992175746,0.0031365976,0
0.21252446297292352,2.5047321079307037,0.12781889167297944,0.28119093,1.0,0.64705485,113.84942025283105,87.09435553771146,0.0027080546,0
0.20476146765636033,2.497105326364828,0.12220871728192662,0.30077747,1.0,0.5803913,115.95513446500014,86.65153375100944,0.003960738,0
0.20358980188512363,2.493358729661885,0.13399416909620993,0.29147813,1.0,0.6549786,99.92841234970197,97.01730917012223,0.0029322312,0
0.20497422851616326,2.509544212224709,0.1376525886262289,0.29368952,1.0,0.6409786,103.79151679551404,97.53178145501052,0.0028971117,0
0.20438074614923987,2.465409505948297,0.1257037585441022,0.28118575,1.0,0.6248752,99.92845658539352,94.83346975937229,0.0033995672,0
0.2028910077043465,2.488839337051882,0.13448003447285262,0.28669283,1.0,0.63773096,102.95897362075256,92.18154033956634,0.0026764907,0
0.20399644768636757,2.504847803573555,0.13245338433167134,0.28694326,1.0,0.5738886,98.08971526151035,96.54254772657299,0.0031366607,0
0.21251827974755028,2.3321664495029455,0.1420628083640066,0.2867036,1.0,0.62153023,99.81326024452856,93.14781484510402,0.0032537188,0
0.22471972878904764,2.218720054095132,0.12785082379676974,0.2713843,1.0,0.6848258,94.02495900714058,99.46167226941922,0.0048415596,0
0.22642250223810004,2.267632504086599,0.1332682495533165,0.29368275,1.0,0.6294047,98.08981318915792,97.2705627090827,0.0048712743,0
0.22754899272791754,2.201063052603382,0.1301682617126415,0.28222162,1.0,0.6443479,90.87758122216695,97.29551881671945,0.0049307183,0
0.22865033072606603,2.2239067236773002,0.13551652892561983,0.29270017,1.0,0.64535713,95.85766464494905,90.47348458466699,0.0035158882,0
0.23132522937719144,2.154243004734891,0.1253371275669477,0.27120435,1.0,0.6556015,96.15485511492916,93.00629933601473,0.0030442006,0
0.2366518758812949,2.2272172828610666,0.15188338087644032,0.275702,1.0,0.66093075,89.4747529265851,96.56697612938699,0.002756951,0
0.23131145601403624,2.1353686177696516,0.12297441998810232,0.28028017,1.0,0.6582097,85.88854182583577,93.86194211449265,0.0019454816,0
0.23712116018452917,2.2349626453777534,0.14530612244897959,0.2912133,1.0,0.6285627,92.48061097140607,83.93520323889106,0.002778792,0
0.2399767413834778,2.236416002674327,0.1449851279000595,0.28488067,1.0,0.6224664,83.67668996223003,87.09199472513026,0.0028408207,0
0.24028700533339237,2.1593007247443716,0.1388221153846154,0.2879673,1.0,0.6547769,90.38129339738475,88.32333544449268,0.0027202724,0
0.24129513552183343,2.209887568770991,0.15159909342734829,0.2790734,1.0,0.64969504,88.57142389007903,93.62274972892223,0.0022019858,0
0.2386220054558365,2.123287147232684,0.1265986394557823,0.291508,1.0,0.65110314,92.6162869064825,92.1796447586915,0.002457283,0
0.2391617462296283,2.2400241621186696,0.1436042524005487,0.29301104,1.0,0.642078,89.55850941156808,90.2459014371563,0.0019816528,0
0.24741889893888172,2.2522949365596463,0.14864475201845445,0.2508025,1.0,0.6697806,86.81930424426938,91.21965815040187,0.002561735,0
0.23096305953471036,2.2328971251919354,0.1409471550541553,0.30084714,1.0,0.6500713,97.17379527320625,87.55949259903092,0.003295329,0
0.23236368027167362,2.190535110130595,0.13233418367346939,0.28324565,1.0,0.64744234,100.85028654021708,91.68099086082636,0.003865574,0
0.233564923045602,2.3752006950166527,0.10551159239205886,0.3011264,1.0,0.6436639,120.5406387343487,78.55242842573008,0.003549173,0
0.22629767966172212,2.4372395649447696,0.11534025374855825,0.29942065,1.0,0.63680494,127.23603296335912,72.01008695894727,0.0038748442,0
0.22347249196659008,2.424536280427632,0.11931169552057477,0.30458382,1.0,0.63868797,125.80146434171047,69.86042323002856,0.0026297118,0
0.21120298836488718,2.4654621504773613,0.08993335896450083,0.29534045,1.0,0.65784734,142.46965155722614,68.9674708177921,0.0032461574,0
0.2155506712594641,2.159492208458284,0.051238787210964,0.24418356,1.0,0.58607954,93.43638324698658,94.04946274654661,0.0069531864,0
0.19633275033763004,2.2971859011518547,0.05545763677473339,0.23432319,1.0,0.6542083,93.53704616020086,95.19129801183777,0.00879382,0
0.18963002190330872,2.485724360764081,0.045968,0.2348886,1.0,0.5629447,100.40745007652103,89.44500913941998,0.009378878,0
0.18322259042295738,2.493978837954882,0.04503043106483577,0.22170158,1.0,0.673127,109.77363572977438,79.38054924145007,0.028984195,0
0.18351121535176323,2.5263920040530303,0.04261593341260404,0.21749201,1.0,0.690749,116.52118360312916,71.8412558010353,0.030831292,0
0.17946124475428976,2.485484598377098,0.040918871338451755,0.19480671,1.0,0.68143797,120.70441681684201,73.68292154422677,0.028273324,0
0.17607689749879069,2.487362953704171,0.04104520753844375,0.16514616,1.0,0.72159576,116.72718101257378,75.96199554245092,0.002078104,0
0.16828805618149925,2.4970152693136085,0.040300858290723156,0.18359438,1.0,0.6647326,123.68648604801258,74.33231002930316,0.055799033,0
0.16645941476255838,2.5099566829363726,0.035945303210463735,0.20208779,1.0,0.6572774,122.69312303686948,76.84675332075444,0.05441618,0
0.16858926570156713,2.4905888516304646,0.037899606361871216,0.21935202,1.0,0.5755289,128.56353296023238,70.57870692148029,0.050338343,0
0.18332805944811353,2.56516346444408,0.029287839714342394,0.23790292,1.0,0.53432906,131.74631292163,44.10260801407514,0.042083886,0
0.1820973208751214,2.49660176792518,0.046243497008233214,0.2326164,1.0,0.68775934,98.73311614849648,89.05140140177731,0.038972482,0
0.2380554076387574,2.3124418620719416,0.15866483767718337,0.18226726,1.0,0.42948896,34.01479477385609,35.46889260948068,0.035002384,0
0.1737721900185187,2.412874290700554,0.05570952660899751,0.21553735,1.0,0.7049424,73.55489439799243,80.41171666962252,0.03407979,0
0.1851224013676548,2.082985415850514,0.060864197530864195,0.21470487,1.0,0.73020613,73.25123731018282,73.97975589078551,0.034602467,0
0.27151165648876324,2.2127415067255227,0.173583984375,0.20364228,1.0,0.17764033,26.41975833048181,32.31099331182662,0.07613056,0
0.20157012458700418,2.167054534829328,0.060459785315964645,0.2572908,1.0,0.63279676,80.40084256224968,88.81572710490374,0.09464674,0
0.19701373241978104,2.4828336408529794,0.0451549448774974,0.22626838,1.0,0.6733805,99.61052913563806,84.72465212051178,0.088277295,0
0.18678972244834366,2.5197007656524915,0.041745454545454544,0.23942056,1.0,0.663977,103.48501398776567,78.44966236052707,0.074208304,0
0.1860217885348242,2.5158462977786957,0.0442143949276887,0.20813248,1.0,0.6722057,103.39403581326127,80.60512312610778,0.046135258,0
0.18372842694406147,2.4838217325969176,0.05099112426035503,0.2205604,1.0,0.68062145,104.48250969201492,83.95360533008741,0.04554291,0
0.18961891379189474,2.466411045736541,0.051322887970615245,0.21171615,1.0,0.6659965,102.31387575508101,79.4312748203962,0.0015071713,0
0.18712388038634215,2.4922595914287675,0.042766963432422915,0.22606839,1.0,0.6738425,107.46678134859305,75.71104640917004,0.0012738616,0
0.18924688423668035,2.4982699144082763,0.04731301939058172,0.2010528,1.0,0.68361557,106.67766027407824,73.24745484146631,0.0100216605,0
0.15725493678522515,2.582759439704269,0.025900119024003174,0.22637944,1.0,0.5476775,126.67019254482238,80.08447318732273,0.04676842,0
0.1918496110129888,2.5603127885105,0.03137106146694215,0.20998669,1.0,0.6033556,129.8697081218659,47.17012766064232,0.044795696,0
0.19120219834207366,2.512496950389107,0.03880481966814069,0.21442257,1.0,0.62139976,114.15839005061626,58.695215338755936,0.040539958,0
0.1879356451794188,2.404462960191486,0.07199837750135209,0.2048813,1.0,0.7496789,63.50971210182012,70.8590188948352,0.06858677,0
0.1858525448127229,2.1032963937872124,0.06788927335640138,0.20212203,1.0,0.73421407,62.293746774723864,72.6911330186703,0.07252807,0
0.26452595558856784,2.179860802480039,0.1527777777777778,0.23478548,1.0,0.15789811,30.01666548014367,37.69615998791207,0.0964612,0
0.1956650498275039,2.3594532041078207,0.048315805517451606,0.2410893,1.0,0.59069926,96.25622788647948,91.92606025187476,0.090415664,0
0.12342493552983753,2.852025921658782,0.03785422815761036,0.2238193,1.0,0.71011597,104.7385153044948,89.8463256019936,0.077742785,0
0.20003913830037115,2.3258466619766978,0.059357711212501926,0.22098513,1.0,0.7104171,81.61591005933221,85.98894088486378,0.07877894,0
0.25425223552117615,2.0815641552678557,0.16800584368151936,0.23514125,1.0,0.45031363,29.154773342133453,32.89397039959232,0.030814856,0
0.20594544993343136,2.37889586413043,0.04358660973635339,0.24590537,1.0,0.6621605,96.33901923359197,88.64675153491855,0.0306423,0
0.20449358610473276,2.285681090978695,0.04703453186187255,0.20802727,1.0,0.69052356,100.40558670977349,83.36169015658949,0.029350897,0
0.19035200059264323,2.3939769378894082,0.05080824469683312,0.22643332,1.0,0.66869223,101.96638615750042,85.14877549526766,0.056000624,0
0.1859059220445824,2.4371126402401124,0.0458556018460071,0.21217026,1.0,0.6696767,111.4525581852181,81.58590095179079,0.05475742,0
0.19588529209292813,2.5025916486412005,0.03451091671855383,0.19792408,1.0,0.56512254,121.59396921194528,59.465161547326055,0.051659595,0
0.18994018641433627,2.5543081854554917,0.03730070677186062,0.21718273,1.0,0.6560101,118.15395703849484,59.481963181894734,0.039622523,0
0.19114786756713356,2.551932159848738,0.03548647115604693,0.22735527,1.0,0.5827647,122.33284960483405,54.425938336661545,0.0058862064,0
0.18864023664987548,2.5497464356259663,0.035903444596860234,0.20719542,1.0,0.6384222,121.92741861163476,56.798627337574985,0.015030165,0
0.1881893553251887,2.543930364742163,0.03347221735933616,0.21623637,1.0,0.636497,129.24859473590675,47.42401458908777,0.0126535045,0
0.19106790919215164,2.5733410720706584,0.029042846022357936,0.2181146,1.0,0.5681655,134.5362916652363,39.11562986614605,0.014580348,0
0.17511411281718153,2.6426162051795323,0.025207756232686982,0.217026,1.0,0.57268536,156.0001993935284,24.041858134235568,0.01511698,0
0.17864758113979973,2.6093895082504703,0.02634914130030584,0.21792598,1.0,0.6131785,143.5900601622386,37.202628792676144,0.0032198362,0
0.18479374887145125,2.3796151687311635,0.06036773302157509,0.22626911,1.0,0.6880501,77.31850862067454,77.92979451512637,0.00705228,0
0.1792582011688727,2.36933777266622,0.07239183673469388,0.19921142,1.0,0.70620245,70.35207710861093,72.99316675437251,0.006462832,0
0.1806678263758774,2.327080118216816,0.07164597653979002,0.20560049,1.0,0.710522,68.3620354257195,72.69113473241435,0.0038824389,0
0.18181979738567997,2.36832774550938,0.0688235294117647,0.219071,1.0,0.73767835,64.3859570857232,72.8354359576166,0.0020521428,0
0.19256121403006649,2.101746156422975,0.06578279435038371,0.2222037,1.0,0.7122567,68.265073503072,74.81315456503934,0.0017468727,0
0.27970430389166717,2.1395676916631934,0.18317474048442905,0.21256591,1.0,0.44222718,37.6961622179119,30.52884678194976,0.025378775,0
0.19690198836146255,2.38812791657822,0.058133271775931056,0.21809596,1.0,0.69916666,85.84344424222101,92.39701704895074,0.056882005,0
0.185704084360373,2.4267442089685147,0.05568399234693878,0.2154892,1.0,0.697571,88.27869754434671,91.66326470426766,0.055022895,0
0.18447710682330243,2.414092534325883,0.04990770377144405,0.21100889,1.0,0.7142274,96.52047790437854,93.21561084843984,0.05467469,0
0.18722416972739556,2.4829739875240713,0.044989292013101534,0.20534472,1.0,0.70595306,95.4263121226767,88.28433655104595,0.041494086,0
0.18563796315968545,2.402254895089369,0.04598783792715976,0.21462908,1.0,0.7027796,96.74773623407565,88.46019322678501,0.0009315374,0
0.1834967005809181,2.4484721894626835,0.04794754456662796,0.21807279,1.0,0.7044152,96.62888556141385,91.24231970159651,0.0009489518,0
0.2470631204756795,2.3232263140957135,0.1388888888888889,0.20503849,1.0,0.3263254,54.120301064290935,43.82959478342424,0.042843807,0
0.1852094536102363,2.5168683239913556,0.030472117344381704,0.2339171,1.0,0.536048,131.74622463504494,48.82659444901699,0.056505114,0
0.2252362145797021,2.2615965391667436,0.10530695266272189,0.22838512,1.0,0.57467175,32.64980654529471,60.01035194484082,0.05328442,0
0.1919866732580543,2.542977248110012,0.033917178558063546,0.20811406,1.0,0.6299925,124.48776928386836,51.26461988576661,0.048789106,0
0.19068375909458057,2.522364284599808,0.034384765625,0.20016055,1.0,0.68810785,126.48037302224495,54.08430250618146,0.035640895,0
0.1891463521171797,2.5258768304032704,0.037948349290374585,0.21057023,1.0,0.66726434,120.26833471805803,61.84767191268694,0.015776366,0
0.1915113264429645,2.5454198475564085,0.039229065305961,0.20558126,1.0,0.6883899,123.40721361180529,54.70946505790498,0.01403028,0
0.19781991428852286,2.5032098936598612,0.03985025963047941,0.20129263,1.0,0.69409925,102.4900183945833,79.83189664994563,0.0014902572,0
0.1856601622727903,2.3925083079509997,0.05820737724175738,0.22763033,1.0,0.6893604,85.84357838144736,88.84330381606719,0.04350079,0
0.18272974015754445,2.4181939787059448,0.05334388442496551,0.20472218,1.0,0.70247227,84.21459805193409,89.67790645738611,0.043363933,0
0.1870668932915285,2.438230205997762,0.05004581424406497,0.21576953,1.0,0.7036239,95.25836332041177,91.78895708807703,0.04418229,0
0.187075156070629,2.479639079681036,0.049189695401660294,0.2017581,1.0,0.7096427,99.40912298648043,85.0010101289865,0.044540413,0
0.19478669304357457,2.443311126339714,0.04764260274747018,0.22332545,1.0,0.6755527,98.41275500567289,80.89658057915241,0.0016101904,0
0.19000335010503333,2.4506043329968863,0.04512454086317723,0.21428202,1.0,0.6646999,102.3141924989405,80.2323243758322,0.0016534853,0
0.18958116534020406,2.494962770652209,0.042350020896391886,0.24335425,1.0,0.53326637,111.45069662853903,70.83352813315632,0.006218233,0
0.18837195053676456,2.4908687138936654,0.03915393771077167,0.2109452,1.0,0.70448387,113.6364137136997,72.78126607989516,0.0064247334,0
0.2383025100348868,2.1717512048801626,0.14015625,0.29166934,1.0,0.55493045,35.227888569328044,40.31357258435941,0.019050932,0
0.27393183378119995,2.181868831628388,0.10231994459833794,0.21693242,1.0,0.6942004,91.70692919775088,90.14061641765645,0.055705804,0
0.268129942315144,2.2792225743981067,0.08625455254942768,0.24548742,1.0,0.5116022,97.9502184672849,97.00850009728052,0.06584834,0
0.2589136417143651,2.3613206249365444,0.07992018483511867,0.22555922,1.0,0.51045483,113.59626802568535,83.02697580671558,0.05292713,0
0.2529963495324225,2.387159576806987,0.06697896491149047,0.22231372,1.0,0.54012966,119.41967844765453,74.00142380415163,0.0232977,0
0.2498799027720376,2.4164535320758715,0.07834183673469387,0.21808773,1.0,0.5956537,110.46299093419263,84.05690414653746,0.0063831843,0
0.24010485144068142,2.391512067201455,0.08448101487095606,0.21379553,1.0,0.50581896,115.00475240893775,83.00887923532018,0.0022490488,0
0.24828391259034846,2.3785463946595544,0.10582766439909297,0.1889967,1.0,0.69607514,80.53105037358512,90.02303395642535,0.007165513,0
0.24920800726210787,2.300737759686175,0.13228656301840208,0.19470274,1.0,0.67388487,62.77365640270072,71.02816343685163,0.008057082,0
0.25727959105000064,2.3460624340498852,0.15345818165869918,0.18266812,1.0,0.7079374,57.31105488138293,64.00781773142754,0.008334129,0
0.1532994158837094,2.814572679149129,0.0392161351617408,0.17727676,1.0,0.4050261,109.12866163888961,86.64917796450058,0.023393871,0
0.27650477514741245,2.095574934900298,0.16662187583982802,0.25162715,1.0,0.6301904,47.511097331015215,54.148533145677774,0.023234881,0
0.28532903014923044,2.2644639359016194,0.14459892109995176,0.24277449,1.0,0.67010933,61.298806344408376,66.00758975782585,0.02348208,0
0.2904466644401159,2.239773275991649,0.11756172839506172,0.2515485,1.0,0.60674673,69.78064622041954,77.02611743088725,0.023066308,0
0.2921811882506673,2.2346280486064103,0.10943310657596372,0.19992097,1.0,0.7230742,78.26421979345749,90.0506991305217,0.023746487,0
0.27559207021587445,2.299294751756696,0.10192490320695449,0.19007416,1.0,0.71901655,89.9450105505481,97.00130035080649,0.0059860833,0
0.2621143344561259,2.3410961522011946,0.09662100134171316,0.20172958,1.0,0.6743592,90.824708992683,99.00648533069636,0.004716513,0
0.2571910050333614,2.32778076185033,0.08264949711736734,0.22791241,1.0,0.57941157,102.85950048486592,90.14199573986365,0.0061832564,0
0.25254814560659505,2.379416407614583,0.07725504821780596,0.21746536,1.0,0.5943381,106.47094054195428,89.0531322064239,0.005400716,0
0.2505126496122065,2.418838452982946,0.081064644687128,0.19348393,1.0,0.71789134,104.70924766809351,84.0548689891156,0.0049155187,0
0.24830802684463407,2.393130341714371,0.08051867195076687,0.1982673,1.0,0.6527566,111.41381363748111,80.02657033119797,0.003855128,0
0.24668324297875763,2.4180082881971527,0.07893277391975309,0.22185837,1.0,0.60307443,112.76988915763803,82.02735178210577,0.0038162787,0
0.19988977419044465,1.9607331419690952,0.102208,0.21643399,1.0,0.551845,41.232855018282486,51.00014647419983,0.009733319,0
0.19293445753379446,1.9905177346123801,0.107666015625,0.24808276,1.0,0.5111985,44.14942573586136,50.010201171640325,0.006760751,0
0.20065854449422954,2.0284932285784336,0.10297501643655489,0.21147422,1.0,0.5800814,51.78871501834362,57.00000472697481,0.004427341,0
0.2051901030822251,2.033043495699911,0.0680078125,0.2548106,1.0,0.51801574,54.57325030353787,63.285074105232056,0.002877256,0
0.2020224920487823,2.007792133586846,0.0770981408213998,0.19571696,1.0,0.5563646,58.05273342350558,64.12490491760968,0.0027353058,0
0.20785063011130148,2.209587907171975,0.08193306104547572,0.20895399,1.0,0.57526284,62.395180187487554,71.00740132801171,0.002813534,0
0.21061890989564194,2.144794948063756,0.0805765595463138,0.23284078,1.0,0.5886206,59.84302726373837,70.06446604230081,0.0025476813,0
0.20880965847666752,2.1066487279150015,0.08845550054341263,0.18224524,1.0,0.64936346,59.842080944561914,68.11778898777992,0.0043118694,0
0.2218476793227225,2.1169835754520636,0.08797662527392257,0.18027799,1.0,0.6141695,57.55954251650508,67.03002955712775,0.0025682095,0
0.20885762234078925,2.204755520602841,0.08587289992695397,0.1820075,1.0,0.6343636,61.81506865335683,70.0074545043514,0.0020915614,0
0.21047701949222422,2.0381317725266626,0.10181818181818182,0.20154175,1.0,0.5842825,54.745836911325476,62.07255001227256,0.0019310993,0
0.20710950736831857,2.0330868574514946,0.10080626998783838,0.18301658,1.0,0.55899274,48.662729157168144,56.008928374918064,0.0018135785,0
0.21044319991824553,2.09427085358887,0.13462539021852238,0.22387746,1.0,0.4720744,38.8351531484408,47.010818510787736,0.0046771513,0
0.17973643499832945,2.319972691236689,0.08925193936569721,0.22374578,1.0,0.6183963,83.93598972287776,75.02745721881436,0.0068080667,0
0.18848829113490306,2.309152611553565,0.08958315836622716,0.2139763,1.0,0.60294354,85.61700682362412,75.16705532448002,0.007263553,0
0.19536454164297767,2.3976937755174297,0.0688330752679523,0.22199859,1.0,0.56942856,104.56199149661511,88.28196685878788,0.007895213,0
0.20051162592363858,2.3939342336984866,0.07264670574111998,0.20241088,1.0,0.6621906,108.67402478838856,89.68047887639037,0.008074191,0
0.2022298041626338,2.387137505438993,0.06938069345385213,0.20723301,1.0,0.66552377,110.02300746315304,90.45137679682674,0.0021337632,0
0.1968800356105504,2.417561232937592,0.06316787752544496,0.20747718,1.0,0.63689524,111.83039172118299,88.56981393511151,0.002332327,0
0.21255462257177818,2.445151051283643,0.06154491173791728,0.20609173,1.0,0.6527252,119.2393180058179,79.90844374227507,0.0023363004,0
0.20883139690021338,2.5083517770717063,0.04447844832042679,0.23742685,1.0,0.57106465,141.01418414065455,57.272881390323654,0.002408242,0
0.2156282810460557,2.485349800560567,0.056108220603537984,0.21550582,1.0,0.6401539,139.2623427074685,54.572777508301485,0.0020812335,0
0.21862158101160387,2.4580556904127886,0.06051406135865595,0.22813122,1.0,0.63057834,131.03434997939053,63.56305546427978,0.0018475429,0
0.2116542584532258,2.49503461552904,0.05265661025010081,0.21740833,1.0,0.61358905,143.3771280715821,58.46531840861257,0.0014782224,0
0.2033062704015229,2.534494015223862,0.052965116938180914,0.22535829,1.0,0.536299,134.73309663521545,64.32917976651898,0.0025080114,0
0.2084446795177897,2.4769645660597694,0.04925222577957107,0.23199888,1.0,0.6174384,136.3121417980994,58.25206741578003,0.0024919747,0
0.20453455215736926,2.388115385768429,0.07635247230220629,0.22072753,1.0,0.6264203,101.7894541185242,90.27591585159841,0.0023259793,0
0.19163400585135237,2.3208496854641374,0.083855882665533,0.20642851,1.0,0.624605,88.46026638534214,79.1586260798895,0.00232407,0
0.1890962418376457,2.3093135769542084,0.09671214980403542,0.21823153,1.0,0.60486764,76.48669803619084,67.18638196901928,0.0023188742,0
0.19114288326330775,2.3281022942686507,0.10347444763029179,0.20614003,1.0,0.5954136,71.38760559841106,62.12894623670622,0.0012254762,0
0.18843886805867502,2.235592998621557,0.11695600475624257,0.17262553,1.0,0.68498504,66.28826049630986,60.07495456182248,0.0018427725,0
0.18214082943735557,2.2234615193914107,0.10779135858357225,0.2158658,1.0,0.62549275,62.371711496800835,58.13777043497249,0.0017274811,0
0.18239144143953034,2.014830704485726,0.11066119665405723,0.17781086,1.0,0.6805786,62.81796246112674,56.0357051249427,0.0024209209,0
0.18712861503419306,2.0204502327872476,0.11423592332191575,0.17116117,1.0,0.6683309,59.666474985514945,54.03704849204433,0.0022099337,0
0.19552047552803606,1.9000318669872456,0.11749405469678953,0.17640415,1.0,0.6111178,52.39376093255571,51.08818380593176,0.001764807,0
0.20427731660591225,1.8694691244657722,0.12002080856123662,0.18817471,1.0,0.6501446,52.17428048154988,48.16640794668914,0.0014324385,0
0.21006013539896745,1.8658493131729605,0.1258826393961529,0.17418487,1.0,0.6587663,51.66289867203271,48.0416658614531,0.0009305056,0
0.2110253594839448,1.9007061393119735,0.12003895787679572,0.18577653,1.0,0.644166,51.663855480107294,47.04256179900589,0.00076635065,0
0.21135771696648037,1.93341411806576,0.120064,0.17458677,1.0,0.64525265,57.4897935999497,52.08649383730357,0.0007341746,0
0.17484336567513928,2.140804057321966,0.10267857142857142,0.22990704,1.0,0.5702532,77.87941743169583,70.34928493482278,0.0024814336,0
0.17884586647467746,2.1882031824148105,0.09994193642038032,0.24037063,1.0,0.52123255,79.81372140794126,72.24986971956356,0.0050234296,0
0.18384729206361555,2.2963176925619075,0.10393469387755103,0.19015296,1.0,0.62737244,83.43331663287786,73.24631099413536,0.004782043,0
0.18446317139515808,2.2358171851716153,0.09114237410940708,0.22539952,1.0,0.56897926,85.61689273293071,78.31396630953508,0.004284235,0
0.1852065368536313,2.252774281122204,0.09191077667293739,0.22410165,1.0,0.5503187,87.80251400787427,79.2282001786628,0.002115232,0
0.18816422704134958,2.309677565066148,0.09099233845120723,0.23674949,1.0,0.52212185,87.80296924582302,82.2195011674356,0.002253653,0
0.19031443745661125,2.318551333537425,0.0839493960849646,0.22051747,1.0,0.5366388,100.42641642398327,88.14354641603435,0.0020695732,0
0.19171720703851924,2.3142415053632437,0.08439061899269512,0.22656831,1.0,0.5203487,101.65364686170406,93.13609125927282,0.0012460644,0
0.19138231064869812,2.3731875270341813,0.08500967931992257,0.22812976,1.0,0.5371419,105.51496002806732,97.18932402075217,0.0010266899,0
0.19114237622257127,2.364441755155758,0.0752936988252047,0.21977553,1.0,0.5568952,104.81116084691776,94.13557750842612,0.0009619727,0
0.18899631951156542,2.3624946548881334,0.0816,0.21836281,1.0,0.5416646,106.25655661515187,90.05199163142453,0.00058572256,0
0.1916819738166021,2.389781533622448,0.07131246995261098,0.20232338,1.0,0.5185307,115.43621590082975,92.00799402879053,0.0009405642,0
0.21314638097451655,2.452193949356437,0.06812130177514793,0.20264731,1.0,0.6306969,122.18446751221161,82.3917889716001,0.018352812,0
0.20356865182187373,2.4300653512960393,0.06900592104235342,0.20460257,1.0,0.6278617,112.37899949551434,85.37858407379119,0.018710194,0
0.20495049281525665,2.4447638533833973,0.07401264802529606,0.21113835,1.0,0.619663,113.77187027899784,82.73760442668559,0.017151402,0
0.20961227688161824,2.4125242370662825,0.0733771467542935,0.23282811,1.0,0.61226374,111.46308697506264,84.17561627721544,0.013177656,0
0.20742692821686684,2.4325032572906307,0.07267819979188346,0.20657529,1.0,0.6642017,111.4002941031407,85.58861691119311,0.0009262122,0
0.21259460709606823,2.4247339238271355,0.07750306590561552,0.21105544,1.0,0.67151266,116.10350266096798,82.87564344517287,0.0012005812,0
0.21189461493063602,2.4339711320241024,0.08036519202084938,0.21701694,1.0,0.626676,109.04139760944906,86.83559626527664,0.0013719483,0
0.18010203734433072,2.495368234668457,0.04415361866198643,0.23558179,1.0,0.5607809,122.0001134517545,78.64750675626061,0.0025643082,0
0.12820951189106689,2.875934423714292,0.040241285119667014,0.23563997,1.0,0.5439699,117.88160104622996,93.43764545238527,0.0064418325,0
0.1656848644286818,2.7040545019780855,0.042328042328042326,0.24277785,1.0,0.594451,114.79117585099992,92.00285134072749,0.008361751,0
0.17681741683090174,2.726470040953412,0.0433055575171245,0.23719284,1.0,0.5677936,117.64403871040227,91.44652967527173,0.005626861,0
0.17504356662479978,2.720516421211624,0.0493702575248889,0.2160992,1.0,0.5679191,115.52123689457515,94.64398609818838,0.0038290813,0
0.17465466471123156,2.6978757377031624,0.04916353130878796,0.22859314,1.0,0.61465347,117.04728577387881,90.05249798738643,0.0037693928,0
0.17632346911920965,2.6747282205071423,0.0461642543039755,0.23410055,1.0,0.61472625,111.68293934067995,94.08787895348978,0.0033915974,0
0.17954872426502927,2.6871296985537323,0.048683866556737516,0.19826648,1.0,0.5439697,109.73290848816181,102.00798505223179,0.0021082489,0
0.21997467619827127,2.2442432612549963,0.08675204591348709,0.18001588,1.0,0.6672394,90.80280015593874,78.63891630247791,0.004011259,0
0.1867933375725185,2.1895934491551756,0.08650519031141868,0.1867996,1.0,0.6540472,88.07494838757161,76.42028579184382,0.0047988603,0
0.18886061173131344,2.2690637791719035,0.08847836655323287,0.18925366,1.0,0.6569423,88.29613177712704,75.3264412647687,0.004661401,0
0.19422392242101422,2.2654558222480072,0.09300022634676323,0.20943189,1.0,0.63444966,87.86486661430357,73.43757053911236,0.003164595,0
0.19636685925344352,2.311621957951613,0.09659348121321865,0.20327795,1.0,0.6302915,89.05188574820622,74.43162991514109,0.0006061653,0
0.20137651908466672,2.28141391057769,0.09206251496186861,0.20307644,1.0,0.6480997,78.58868587855656,68.35950476440408,0.00048508326,0
0.18172650899125295,2.8194813442731506,0.060673779315647824,0.18711615,1.0,0.36157745,97.29385800209273,72.17361003615186,0.01970014,0
0.18742397125026844,2.7614294395068293,0.068575,0.17834869,1.0,0.2366858,94.14890496933516,73.10973135548429,0.039978024,1
0.1803713997923946,2.269664853389769,0.10570934256055363,0.19798565,1.0,0.66439825,72.56796455280217,70.06433077643105,0.04207847,0
0.17582903472259362,2.2611527223289793,0.09659428911362285,0.19502684,1.0,0.6119617,76.48625332715402,66.03038659527753,0.04133529,0
0.1769297238804128,2.2464136925079536,0.10760345804988662,0.2049764,1.0,0.60102427,75.13407119575933,66.18921307591123,0.039144173,0
0.17420196373811309,2.2556809199091505,0.10291876238378296,0.20019655,1.0,0.6182216,75.7109735256808,67.11937772544553,0.03206063,0
0.18074174456567774,2.283499369456003,0.10325268723083926,0.19889736,1.0,0.6368542,74.52639023562703,67.11936802802745,0.0009893493,0
0.18191886315130437,2.3145947497084136,0.11521991580780955,0.20215204,1.0,0.6194774,75.13442296437852,67.18636445114524,0.0005266127,0
0.18904232203832655,2.371460026155749,0.105,0.20562425,1.0,0.64411616,80.41236988140946,71.25319868445177,0.0006752988,0
0.18960817357049703,2.3356881860544743,0.10134097353497165,0.21687698,1.0,0.63669443,82.37837700411363,72.24990304516663,0.0006627067,0
0.1937390510588393,2.3404308695655414,0.10733695652173914,0.20179492,1.0,0.66966665,82.37824450711331,71.25332251167976,0.0006859578,0
0.19278998526249977,2.365962130363278,0.09843681519357195,0.20647122,1.0,0.64280134,85.70440740081375,72.44351017770813,0.0006654607,0
0.19572093643411925,2.317127640774737,0.10211068356722498,0.2175798,1.0,0.6468152,84.72440631233029,74.24324149495635,0.00070233387,0
0.19307943302837477,2.3803079317371725,0.09899166767298635,0.2046292,1.0,0.62296915,85.5113315194607,74.43140998077698,0.0011146975,0
0.19687477957291913,2.310028376057952,0.08751561849229487,0.19833297,1.0,0.646397,90.61013209184995,76.53150002956218,0.0009385818,0
0.1989200409189674,2.3603798072797293,0.09464806330695544,0.22129013,1.0,0.6538077,90.0290905221892,77.23397163638623,0.00086067244,0
0.19529489687756854,2.345440826053977,0.09319919958334476,0.20478122,1.0,0.63805246,88.07529552005875,78.31389429905624,0.00088718906,0
0.19644059663215863,2.3845994644082147,0.09920345689296127,0.21953845,1.0,0.61462164,91.0071308867242,76.53173004736527,0.0009246017,0
0.19231189771074741,2.412410367657235,0.09773763020833333,0.19922368,1.0,0.6237261,90.70999153458654,78.40982651573154,0.0010005161,0
0.19641772175930938,2.349189954846086,0.09878696376509788,0.20742807,1.0,0.62960726,90.95795852494834,80.30639608968612,0.0008650118,0
0.20174030581058078,2.3577529153722194,0.10260135412954689,0.21594565,1.0,0.5976614,92.05126779295192,77.0268370912359,0.0007972895,0
0.17487272102591117,2.517572222896495,0.085425,0.21957095,1.0,0.6525238,90.80323644936588,77.78219226120721,0.0013482893,0
0.1232747359179961,2.747492848195413,0.06398981161091888,0.22236791,1.0,0.54638064,107.15573808774013,76.01000864004756,0.0048409514,0
0.1330719195180636,2.6828890064491673,0.07460880999342538,0.2448549,1.0,0.7118156,98.89894422088932,80.06409983937279,0.014815827,0
0.22141569994715063,2.2501321568262145,0.12370242214532871,0.2848429,1.0,0.636887,56.22299949550493,50.635955871224404,0.017602365,0
0.2081614970796274,2.204677215286315,0.1514723536473413,0.2322525,1.0,0.6742064,54.58978034800046,45.35419412062722,0.017620258,0
0.20817502854017822,2.229441921674915,0.13328525929932095,0.2581807,1.0,0.6410002,58.54963730615574,47.539489721979194,0.014610104,0
0.19268846914319882,2.2828293833799074,0.12380262864780575,0.21951415,1.0,0.6364799,64.63018909277847,55.54277763558459,0.012758441,0
0.20943706156447014,2.2722815268083054,0.11824389491146176,0.26290494,1.0,0.60696137,69.87168397529105,57.974135768418996,0.005287214,0
0.20397138087541725,2.322542086833732,0.12322541551246538,0.2513381,1.0,0.6263369,67.08229516876752,58.240879437066944,0.0032611575,0
0.21818748228381302,2.398968148732139,0.11685185185185185,0.2785155,1.0,0.5434324,65.49095802892163,58.051709438890086,0.0053323256,0
0.19979828906501718,2.330132855809503,0.1260754020089185,0.254353,1.0,0.6691464,64.77681604889796,57.97413233251872,0.0058301575,0
0.20635122409850393,2.344072393147702,0.1321123829344433,0.2768972,1.0,0.66254354,65.76504197443936,55.78530761803146,0.005657887,0
0.19103402888053767,2.291266891664222,0.12770426381012392,0.21443744,1.0,0.6184381,65.11587741974088,57.28001879483623,0.0071147424,0
0.1909823823753867,2.332903347358372,0.11573465941077125,0.226878,1.0,0.6106129,67.6023715776354,62.585940992353834,0.007166921,0
0.19533099370985157,2.2900871819066246,0.14958333333333335,0.23811792,1.0,0.605567,55.327148955425784,46.32499526298407,0.0040538735,0
0.19345481537339845,2.259644391943523,0.16706049149338376,0.23726165,1.0,0.6382356,42.426928622693076,38.327646118198935,0.0033051043,0
0.1946385500874283,2.32979294878004,0.17077863286555003,0.25513473,1.0,0.6090889,42.29723957924851,38.079030154703574,0.0017799706,0
0.17908006663558027,2.55082267123271,0.1611070529989449,0.22734526,1.0,0.7528862,43.29609982691737,49.16301311316569,0.012474216,0
0.19807646725196132,2.5826901903490636,0.1405612244897959,0.2714483,1.0,0.7340734,47.388333618091934,61.40034794368524,0.019342437,0
0.1897307225536378,2.59345825544058,0.143127645355313,0.26409286,1.0,0.7346746,49.37232702475162,59.22838921518271,0.018255536,0
0.20619661119150615,2.588563124409023,0.1270956607495069,0.2698001,1.0,0.7295779,58.69989036777638,68.88397318583904,0.015093806,0
0.2073540239535024,2.5759845317833605,0.1357154302195161,0.26891387,1.0,0.72224754,56.32654736531388,67.89698766762231,0.004460888,0
0.1939221311319224,2.5668795695945885,0.1342496182146328,0.24133174,1.0,0.6935296,55.581886880506794,66.61084087723783,0.00560521,0
0.20118332321888682,2.565658197919636,0.13734033918578326,0.26358172,1.0,0.7066684,56.32592263313767,69.2315121904468,0.00465118,0
0.19243977788314637,2.610579502040468,0.13651315789473684,0.24352068,1.0,0.70432115,54.336680131870324,68.59304046955134,0.005030918,0
0.18711296944595632,2.4246746753377137,0.06333727810650888,0.26519564,1.0,0.6751784,150.60248015821355,67.08346579713253,0.010787763,0
0.18968366603431003,2.459034737615487,0.05935510204081633,0.28253675,1.0,0.65343094,144.58592120364705,51.62594439436747,0.015446313,0
0.19682396379322392,2.444127101860474,0.055675475787101934,0.27951005,1.0,0.65960395,145.4168350308385,56.6154280559928,0.016361926,0
0.1927169677804853,2.4207089405724753,0.05204165384220786,0.26361367,1.0,0.66240567,153.9385349155176,65.30804427202914,0.012004695,0
0.17834262940588302,2.3916371456759924,0.07633169702624854,0.26497957,1.0,0.6429436,136.00367642752605,70.06725821701941,0.006072453,0
0.18820335303993996,2.429135528363443,0.05607507327526046,0.24987294,1.0,0.66506124,155.04871954600665,58.13845139471142,0.0058825687,0
0.1830238416858073,2.4503782729502617,0.04713344754253308,0.23787197,1.0,0.66550654,164.59688025550403,50.00116742753133,0.005514471,0
0.18044792088925482,2.46272770521101,0.05208123028940205,0.2345531,1.0,0.66078895,164.12856144142657,51.00087397768024,0.0036605778,0
0.20059081815873503,2.492581639001805,0.039612168396770474,0.2699308,1.0,0.6483633,167.76512544675143,20.002396193605087,0.0055996208,0
0.186682751378022,2.379000674031516,0.04997648085405177,0.23254205,1.0,0.6660136,166.43663855609196,40.00091466022153,0.004736275,0
0.18322502695617407,2.4339612991844226,0.03083676268861454,0.22100654,1.0,0.67039037,170.4624543085439,31.000043319896324,0.004629714,0
0.18017922292200578,2.383413703895882,0.05539657763903341,0.2366135,1.0,0.65576684,161.96739835989482,44.000022941237404,0.0045460663,0
0.17392349222700906,2.4107912009337125,0.05823554002806892,0.22897051,1.0,0.6493889,155.55427470107438,59.00097459057417,0.004466021,0
0.1744880993261837,2.4158403642867867,0.0625748859353303,0.21586624,1.0,0.6599003,153.32340740712056,60.00164489224471,0.0014726933,0
0.17267754766846344,2.3434703310759324,0.06323447582821883,0.21140105,1.0,0.62114924,160.37808258133595,57.140785383679514,0.001537717,0
0.18086825671723733,2.395743984875804,0.060163831127914305,0.26710716,1.0,0.63881934,156.1574071807612,59.414683454127086,0.004816101,0
0.18466532280772574,2.4191161559822536,0.06243419392452206,0.25769466,1.0,0.66303647,148.44892653161068,76.4211557890262,0.0059815086,0
0.18580871251726827,2.408134893636418,0.06,0.2585655,1.0,0.65891874,154.20797198178388,67.36596660987233,0.006371113,0
0.19468566336296655,2.443317249914585,0.06160319757689617,0.28319204,1.0,0.6272178,142.04268147587146,66.28813660660482,0.0038426807,0
0.19472801644762316,2.4218654793170424,0.06842130177514794,0.2772799,1.0,0.5920926,136.75202866801337,65.92448449940682,0.00674578,0
0.193052758489711,2.4808276707231105,0.07180885470051449,0.27757338,1.0,0.614731,134.2388829057625,63.50702433476735,0.0070438874,0
0.1926673211149533,2.4556106336264185,0.07203174572745832,0.28518847,1.0,0.61303866,135.35185025352501,61.98482118237285,0.005579962,0
0.1868360432440826,2.366402462362814,0.04423487836949375,0.30699822,1.0,0.66323787,152.2675146851433,68.00791549876944,0.012148448,0
0.18774476032535933,2.3420740599132075,0.06011459094229365,0.31333816,1.0,0.6416733,138.54086906633162,60.87820519953363,0.01616204,0
0.19109838565450527,2.355641598802359,0.0737735052627279,0.27424666,1.0,0.5724239,98.61546691564075,90.14117950899194,0.018567052,0
0.18912050023401014,2.3591661380538405,0.08091787439613526,0.28591722,1.0,0.60666054,106.55049110338256,87.20888609399493,0.018864091,0
0.1927611747147764,2.336418784800847,0.08222918068422959,0.28783643,1.0,0.62812054,109.16503707756793,84.02728274547505,0.012400034,0
0.18741870902285543,2.3966683274516147,0.07668495460261743,0.29243603,1.0,0.65169245,107.35458314270855,88.00937494953287,0.003671467,0
0.19118753081194273,2.350293414366582,0.06458153114186851,0.28877172,1.0,0.61378825,114.28037753676307,85.99093864585907,0.002694396,0
0.1970850103260836,2.367846978480755,0.07682644628099174,0.279146,1.0,0.6207843,118.84864917589994,83.36294035684617,0.002734296,0
0.1918760159503103,2.3644446026949835,0.07658121440394114,0.28067487,1.0,0.60964626,112.00449645193864,85.28998573541362,0.0025885967,0
0.18761567634145995,2.3533577552476106,0.07700588111741231,0.28335252,1.0,0.62447715,107.78687218520497,83.00926386144825,0.0023810207,0
0.1862737904240455,2.3608925838750365,0.07479166954574978,0.29248026,1.0,0.62501794,110.27701374055812,89.27752006204877,0.0016840441,0
0.18641402755532538,2.3452252054925484,0.08195694503070491,0.28451705,1.0,0.6210919,111.50788039833989,86.37370491237265,0.0015592637,0
0.18872262264044218,2.3380392420389158,0.06156378600823045,0.27108595,1.0,0.6623018,124.67961313996241,85.37775495856273,0.0040081837,0
0.1898677684077878,2.3687127683806835,0.06332479452221103,0.27928025,1.0,0.6392204,128.01562514307955,75.43488674521991,0.0110519845,0
0.1830022054043089,2.3680894130328,0.07683522369250158,0.30005652,1.0,0.5796585,108.67384751490296,84.00356328687666,0.0108154295,0
0.18230253443710792,2.3629181173259286,0.07557362441523725,0.28450888,1.0,0.60521734,101.07927098440167,91.27230773502026,0.01273477,0
0.18517642346249286,2.3418445234263197,0.07874196510560147,0.28678823,1.0,0.6030315,92.3581016746767,92.57755628906494,0.016620228,0
0.18427826311582218,2.3421544709456414,0.06767471188303013,0.28942594,1.0,0.6361545,106.94391737372445,86.00906829939187,0.008780086,0
0.18550538302383654,2.3693415285571278,0.06968595041322315,0.28102556,1.0,0.6359043,117.88554857919064,88.28632698421548,0.0065414486,0
0.18700642302362538,2.352175981010505,0.06990342538101706,0.27409688,1.0,0.6256544,118.43142363533673,82.0392648537108,0.0061661582,0
0.19076820121394375,2.3467071398137787,0.06225510977505428,0.28664032,1.0,0.5930594,113.44162040284563,82.49499611001481,0.0060462225,0
0.19011681351472948,2.317448869540039,0.06395928812040076,0.28206152,1.0,0.6615475,112.20075626461286,92.91653284662924,0.0024807246,0
0.1932326325145,2.3663469442371152,0.0697189349112426,0.27519256,1.0,0.6510041,110.1136208744538,94.54337479330158,0.0024984172,0
0.19513628036799321,2.3637988472796576,0.07258919346831434,0.2841181,1.0,0.6565853,110.42193623115924,90.09679872371676,0.0024318094,0
0.19241976188306414,2.3544878653516466,0.07262972998733677,0.28104943,1.0,0.6074133,102.57688178865304,89.45645552067559,0.002479141,0
0.1833554768893925,2.372621916005745,0.08089773305444062,0.28629053,1.0,0.619995,99.40330562076835,90.09169836227102,0.0034470926,0
0.18564624016518183,2.3471864112527188,0.07562445934256055,0.29025987,1.0,0.5866872,99.74470906052832,87.20934610271568,0.0039450983,0
0.20503355302872311,2.379622822981735,0.05376071731614341,0.3053943,1.0,0.6511816,130.8013774384022,84.17569129342257,0.008279088,0
0.20426687329552504,2.332138424946932,0.06998244910932684,0.2983293,1.0,0.66364557,132.57450927858673,84.69646751725666,0.010705714,0
0.19428805873311053,2.340726696019337,0.07244809688581315,0.30825102,1.0,0.65751296,136.4587864980563,84.43663941636399,0.013728649,0
0.19683226017491476,2.360139224144158,0.07574787925001021,0.30290192,1.0,0.65384746,136.8247188174603,88.39401737572236,0.003363098,0
0.18898651417629966,2.364442494427574,0.06689804335797998,0.3175175,1.0,0.64719474,133.25540069226514,79.85271480450854,0.0020730891,0
0.18611770332241773,2.3381066678939657,0.06490756033885663,0.33131143,1.0,0.6595867,156.1190768280054,76.85121904713264,0.0062435204,0
0.19016232804772457,2.3888584639399055,0.07030209387820342,0.32942727,1.0,0.64499253,152.54349299042576,69.8355245794455,0.008350784,0
0.1880064037119676,2.3416122066822522,0.06970220993722852,0.3139191,1.0,0.64844465,135.9117404764431,86.73258406487356,0.0067886035,0
0.1926677404133831,2.3460361939769445,0.06691358024691359,0.28875148,1.0,0.6351156,102.82511386851151,92.6577754365171,0.017127253,0
0.18460166847426035,2.343183486341584,0.067474365234375,0.278552,1.0,0.6409755,97.34997310387752,96.33558151538267,0.024722124,0
0.19458867613886754,2.363608826778929,0.07321523399735842,0.28555048,1.0,0.6376482,103.73044078130374,88.12150551096593,0.023160486,0
0.18684953786036715,2.375994784652124,0.06690828402366863,0.2735563,1.0,0.67251784,110.4355658459799,97.08455283773681,0.013329371,0
0.2019501544860433,2.3841907120341723,0.041541714459446384,0.27005047,1.0,0.63218606,121.51136119271978,92.65735280039986,0.0044378797,0
0.19163177963569686,2.335543464466566,0.07039944926158435,0.2747562,1.0,0.64068455,103.00505765057922,101.27402725784789,0.0039040504,0
0.18392199850343774,2.3596602145352596,0.08063306955435236,0.27791682,1.0,0.60678065,90.82417978486572,101.12583457680249,0.004246058,0
0.18164031514577886,2.3903130168060835,0.08731498631349473,0.28524885,1.0,0.6307332,97.4937268108334,95.2605619074913,0.0042086532,0
0.18284517175082007,2.349775070818867,0.08882589987022745,0.28651625,1.0,0.63320595,97.49370595976842,99.25026387644866,0.0038205504,0
0.1836463949022874,2.4034629536758554,0.09107969904099447,0.29570532,1.0,0.6411254,98.84346255552848,97.25558283317103,0.0020251665,0
0.18425104671094222,2.4367136522820503,0.09412665349213979,0.28843975,1.0,0.62984943,95.27345855724735,95.08781444661247,0.001107156,0
0.18076477892655635,2.3933851161135262,0.10396848989298454,0.27982193,1.0,0.6487086,95.71327287834514,95.19234320737014,0.0009743778,0
0.18253364345774248,2.3730318979051384,0.0901680551565642,0.28570357,1.0,0.6255021,93.81379670090337,100.00773078648281,0.0025635054,0
0.17817250246663274,2.36650535424455,0.09432892249527411,0.27779502,1.0,0.667348,94.33995278798838,97.00847429526998,0.0031146144,0
0.2003839328941134,2.3648879276335104,0.06976079744765956,0.2864391,1.0,0.64596623,109.65861934204692,101.12102805619303,0.0045391466,0
0.20051187778161333,2.360128898835761,0.06255370338546141,0.27898964,1.0,0.6530094,107.62906380069336,98.48083311269788,0.004675207,0
0.18153619694201853,2.3530775682977847,0.09227430555555556,0.27105147,1.0,0.6674846,97.94402283308627,104.58253517780467,0.004159567,0
0.18211553369768163,2.3337372157708596,0.09348965814421144,0.26897383,1.0,0.6556217,96.25507220531523,102.59325781247011,0.004315108,0
0.1824951429718438,2.335390121840134,0.0901765504753282,0.28445905,1.0,0.65701306,97.94549920415955,100.40716331122108,0.004288258,0
0.1766108345730449,2.3557005208595703,0.09690864197530864,0.265449,1.0,0.6644282,97.75507288893238,94.2640482783851,0.0044443323,0
0.18004251973973343,2.318947856685221,0.09965277777777778,0.2831725,1.0,0.6553545,105.8159822654021,98.32959313821452,0.005572273,0
0.18595970257790637,2.3599647113575197,0.08630231499831183,0.2630638,1.0,0.610686,115.37770674216792,94.20406375216571,0.005154961,0
0.1811527367854374,2.3932461307574533,0.09068527475088864,0.2562048,1.0,0.63003016,118.7266674887765,92.91654472238406,0.004897018,0
0.18323833759203015,2.413537261999429,0.08548024838155635,0.2781625,1.0,0.6480786,118.1905794083536,90.67284960390735,0.0034844826,0
0.18731629310787962,2.3753378290496423,0.0746721858362495,0.28370467,1.0,0.6366964,122.31927716653907,88.12208125574031,0.00310627,0
0.17869706528817642,2.3805174642765436,0.0780250741640703,0.27158606,1.0,0.6510254,116.01729536366939,94.36859691837981,0.0025354216,0
0.18500607701835595,2.406556502866486,0.07099504132231405,0.28915185,1.0,0.5847177,113.53416931707142,85.37849297924967,0.003727446,0
0.2143544332035761,2.1702711975454902,0.0918240017361111,0.288819,1.0,0.6657432,79.81733765036302,81.39427450059301,0.0053712693,0
0.2109026525529101,2.243898509738923,0.10315165179884325,0.27672222,1.0,0.67878467,105.11946169927751,67.4172038915635,0.010483116,0
0.19042405090023978,2.363454477411976,0.07433884297520661,0.3556544,1.0,0.654881,127.95314076270118,56.086023716782975,0.022938427,0
0.18110662412306655,2.2995275635341392,0.09157478326740173,0.29043624,1.0,0.66261935,96.17737140191142,84.53313052210112,0.02268253,0
0.18385050058048316,2.300066637391393,0.09874917709019092,0.27213448,1.0,0.6599081,97.09872370018951,88.07671508098676,0.021748353,0
0.191040216285949,2.3452548400581774,0.08384059735411087,0.2665531,1.0,0.6439243,95.69265909238635,91.78515163672259,0.020102791,0
0.18875272810913682,2.33403508808637,0.09618743995108743,0.27231342,1.0,0.6569687,91.26988015253144,89.44333918550534,0.01962494,0
0.1926814462349627,2.319819928083943,0.0805965586514106,0.27383587,1.0,0.6582432,90.4278062333556,89.62767907801181,0.0038269698,0
0.20492116207876596,2.3269857316532465,0.0845578231292517,0.27562463,1.0,0.68499374,96.42864071708931,92.72043460318676,0.002408211,0
0.19751199082771273,2.336797471865037,0.08594118201527005,0.2888775,1.0,0.6530186,89.02324687432332,80.89554511112753,0.0038044003,0
0.1884546367476084,2.3070219269109447,0.09628544733718845,0.28193676,1.0,0.6553538,88.86662096286814,83.72608970945794,0.004282332,0
0.18469040125299524,2.297780302101232,0.10492613455202465,0.2746245,1.0,0.636534,82.93248682695143,80.50497773351242,0.0045050923,0
0.1929966512155202,2.323338039629008,0.10113633435543302,0.29023185,1.0,0.6605966,67.98449655823455,92.00015759234995,0.0093931025,0
0.19757281473786964,2.3256884469186865,0.08982122260668973,0.2899423,1.0,0.6612361,68.47738270919734,98.24994038601889,0.01104426,0
0.19417759202619347,2.3044942642474915,0.08999405116002379,0.2665652,1.0,0.6715484,78.23501323139678,98.00540925298358,0.008823723,0
0.19486709317408288,2.363340875593064,0.09420036684426587,0.28497764,1.0,0.66234285,81.30265643785916,98.0057511396744,0.005982114,0
0.19248168181411154,2.355297338547877,0.09573956640186809,0.27175233,1.0,0.6671349,85.75777278531514,94.72633742674147,0.00320672,0
0.19361327761164074,2.348948573548479,0.09922902494331065,0.27457875,1.0,0.67641556,85.09256581646851,93.38135004989857,0.0027712546,0
0.20325200041913855,2.3277389196883655,0.07982756057678014,0.27169043,1.0,0.6766198,93.49384408414276,89.02584933962684,0.0037490882,0
0.21186856064466064,2.286325054973757,0.08732218377547098,0.2570119,1.0,0.7073981,101.83426818598817,86.33107929159362,0.0076810475,0
0.19323418936077905,2.2774095195273305,0.08728345201402912,0.27552387,1.0,0.6808006,76.4910482164447,88.11945581475536,0.007596671,0
0.1972795998954823,2.267059834938951,0.10825420014609204,0.2542134,1.0,0.68548095,67.08813258624654,89.0899242428845,0.010989271,0
0.19870093241492956,2.288799823741819,0.10332573784722222,0.27049372,1.0,0.64869905,64.54328162560057,88.09100120854241,0.013349275,0
0.1970376006357542,2.3025111588086897,0.10958579881656805,0.2840596,1.0,0.64393675,74.22181725942177,83.2949016005257,0.012870509,0
0.19714113215482998,2.318677023200499,0.11069597258367904,0.28077984,1.0,0.6432986,71.84632276721156,86.37153647411132,0.005135547,0
0.19454874373918402,2.2603495962742435,0.11086526447313619,0.27592534,1.0,0.66503376,73.17024571236014,86.70082578365435,0.0036025338,0
0.1928708921539648,2.342946326333409,0.10618403740096861,0.26548058,1.0,0.6771465,62.592418201449966,91.26892632120308,0.0025781987,0
0.18777730017107122,2.288470017795694,0.0967784352399737,0.2772314,1.0,0.6307578,66.85724521419884,90.00577669099557,0.004130566,0
0.17788903329764133,2.2717007266666034,0.09449187838400666,0.274798,1.0,0.6633967,76.89912223371091,81.74375061229898,0.0067085847,0
0.18932417849807326,2.2758375283336294,0.09097147338496225,0.26268837,1.0,0.6855721,96.2561771954035,76.53795392219526,0.012322176,0
0.185896903782377,2.318389501025548,0.09440250955788648,0.27164546,1.0,0.66967106,90.73661616621588,77.13014444051142,0.01439188,0
0.1802209330931467,2.316940036622187,0.09441109021103353,0.27320614,1.0,0.6762968,89.00641782736743,73.97999569398998,0.010628135,0
0.20724697663420355,2.4430030048690585,0.1034920634920635,0.30519643,1.0,0.73920935,87.66545878632658,68.18378820706485,0.007047453,0
0.206493758809497,2.476909155067578,0.1038378590334281,0.2842998,1.0,0.7606232,86.0243674256024,69.0074111358016,0.005039105,0
0.17753651162447412,1.8174168046920356,0.04636366076941663,0.27428705,1.0,0.6623669,107.28093451444796,57.568466427070675,0.009688992,0
0.22852233311004588,2.3049256199579538,0.1050645255252593,0.2862531,1.0,0.6323,117.13667487108155,83.54754834310417,0.014381553,0
0.21111766135682425,2.3281721671539652,0.0893716681331194,0.2945708,1.0,0.62818164,115.66330813432879,84.1739371617603,0.013090296,0
0.21144949608753325,2.2923224075354858,0.08285714285714285,0.2868691,1.0,0.64130354,119.36499303301262,82.9762735659298,0.0098205,0
0.20809052975691,2.269972382303046,0.07657918063745327,0.27992043,1.0,0.65481687,116.50321883965981,82.46383568224866,0.006985068,0
0.21464492433524568,2.297791629465664,0.0803188775510204,0.2889419,1.0,0.64680684,115.10431483646384,85.0017402041155,0.0025540243,0
0.21077408630194597,2.224150937843277,0.081436526816609,0.2812513,1.0,0.6522359,112.36104766285405,86.49407216075298,0.0031365945,0
0.2134772893461479,2.2078474481329295,0.07941874974842007,0.28372124,1.0,0.64816093,110.98199194493662,88.11986180639708,0.0030653505,0
0.21577623584277986,2.2504413051398595,0.07404663923182442,0.2803054,1.0,0.65854204,114.40281499395478,89.27183010706652,0.00304335,0
0.22356256073045602,2.30915961522556,0.07511234225915667,0.2790272,1.0,0.6649196,118.40609673747306,80.3243607202576,0.0048357095,0
0.2185914548558781,2.2750840579591696,0.07896255149002401,0.28211254,1.0,0.66277397,117.64354272330436,88.88767633292998,0.0046247733,0
0.20942867224375372,2.223998832405936,0.08133058984910836,0.28423098,1.0,0.64496803,112.50778687465436,84.17463751540305,0.004951689,0
0.21634751495562254,2.248112605966744,0.08502669989320043,0.30451477,1.0,0.6511524,110.63910637418044,89.2730764688985,0.0057880133,0
0.2137804562661529,2.252605898700487,0.08913731697665216,0.28921622,1.0,0.64973474,109.29320940857137,88.28704271891296,0.0053451667,0
0.21649862168629527,2.229105901501219,0.09253603460427579,0.28657207,1.0,0.65014935,111.13956489183408,86.14760197905899,0.0031932967,0
0.22016746417622765,2.238040932646316,0.09072588880870358,0.28448266,1.0,0.64896274,115.76271372670108,84.93139066722252,0.0013036069,0
0.22238110192463675,2.2600813350391786,0.08805383379247016,0.29915836,1.0,0.6365921,113.53420896062582,91.59298735796531,0.0019319517,0
0.22464468662285175,2.309201356909412,0.09962314049586776,0.29004493,1.0,0.6551003,113.15918003985331,83.20071588601144,0.0020238191,0
0.22047503965917745,2.2828222040961625,0.09262920472265539,0.28548878,1.0,0.6395422,110.9414415589332,89.05268686440907,0.0019362814,0
0.22449440251791222,2.2304375154860305,0.0804290771484375,0.2760781,1.0,0.644435,112.92930165435979,101.12086744673432,0.0027491576,0
0.2179699631190035,2.221969596629136,0.07735207100591716,0.2898936,1.0,0.65031123,114.54696776508236,93.17431538290779,0.0026380343,0
0.20688601043129456,2.159016129633177,0.08090219287130485,0.29704848,1.0,0.6187877,98.38703672839885,90.93681625968763,0.004594922,0
0.20496063009432272,2.203616743422487,0.10137552029136317,0.28534922,1.0,0.613107,93.92040282021878,95.52653014331602,0.00708142,0
0.20571177118437436,2.2303424024180996,0.1145689296126614,0.29136795,1.0,0.60853463,98.0818203379817,94.89674292227419,0.007727368,0
0.20277021526865444,2.2052468422900393,0.08109725371630133,0.2864407,1.0,0.60621786,99.00518792101526,92.91592808257565,0.0056391032,0
0.20952562200998306,2.185131001564273,0.09245538975268705,0.30855235,1.0,0.6081835,109.17885151990005,92.19897266426862,0.0045848205,0
0.2195345977731148,2.307639842951798,0.10316936040281265,0.28510025,1.0,0.61312234,106.3297553489349,90.47345843627117,0.0048227124,0
0.21176883292691603,2.26929546067504,0.09955128874047793,0.30186847,1.0,0.6180248,108.55881148010754,93.39526765940379,0.0052058296,0
0.21750584922940736,2.2047546585729703,0.09193934322749225,0.3017221,1.0,0.6103661,107.35460095152871,90.42951929291836,0.0044331155,0
0.21763928007168512,2.1771408307631397,0.0922565932976403,0.30468395,1.0,0.6503994,112.60563110272496,88.64968267072268,0.0047920463,0
0.21186029036285223,2.196242832258257,0.09647219294438589,0.3020854,1.0,0.62695414,99.12622290748801,94.34313592213378,0.0050548944,0
0.20307412461409485,2.2334748482562325,0.10751482134273353,0.29572818,1.0,0.61487836,96.25510943301855,93.34649418466537,0.0044368305,0
0.20129524226644616,2.253254303238319,0.1023398357466297,0.2993984,1.0,0.61486274,94.81051868633072,93.26616344092744,0.004761982,0
0.19680246733614998,2.270024454686292,0.09328658046606765,0.2982698,1.0,0.62880737,97.75494543836265,85.29128287767482,0.0040796376,0
0.19067900381283945,2.3349040624971558,0.115493872250629,0.3058361,1.0,0.62611896,94.66846218733643,84.15328700495765,0.0024406007,0
0.1852085005600377,2.4170233847822873,0.09832406609758007,0.30362034,1.0,0.62450814,94.66817753875617,85.0979576342327,0.0018424543,0
0.19036428349798853,2.4216610267384655,0.1000173611111111,0.29021862,1.0,0.62850505,99.32281800626035,90.45209787878132,0.0017793868,0
0.19014833360204325,2.3886040021194836,0.10253513169973871,0.3026295,1.0,0.6354755,98.1836012432513,92.65891318632652,0.0019148665,0
0.1879654978661665,2.3977309047804445,0.10180264291870152,0.2996265,1.0,0.6039864,99.02045940696053,89.27812596835017,0.0017667632,0
0.18668979732436883,2.372476419734296,0.10208329495846304,0.3021861,1.0,0.6328318,100.43930361856889,91.44751505667773,0.0013885908,0
0.18692573324357306,2.420328153012203,0.09865487514863258,0.28268367,1.0,0.6328887,103.73191689475523,89.56342839126398,0.0014763797,0
0.19074906877660358,2.418623029897089,0.0947081498685505,0.3064083,1.0,0.6182245,101.54809367531989,90.27574646820793,0.0024846552,0
0.1955842235787367,2.397434021486294,0.08824927469717582,0.2973845,1.0,0.6114796,100.43912102129596,94.34335180754455,0.0030317544,0
0.2009511230703533,2.3778856479503094,0.0894417114546314,0.2910197,1.0,0.6273544,103.07775619710196,94.54343028831916,0.004339665,0
0.1938692243647752,2.402134599320838,0.0897826203065748,0.29308686,1.0,0.6087723,101.67116922225101,95.19246013785278,0.0043538436,0
0.20040554377448513,2.415539697639327,0.09069554352353186,0.2961853,1.0,0.6284848,105.11905780450752,95.90397285557769,0.004213355,0
0.1999441719115092,2.4133515378481265,0.08877170843098371,0.27925086,1.0,0.5446037,98.59515263626183,104.08814732409074,0.008030889,0
0.20155229150870743,2.3452369367821118,0.09490665700501516,0.28301033,1.0,0.6376355,105.42313576466877,88.29789470893098,0.007999097,0
0.1969998471941196,2.346683627544596,0.08526447313619326,0.30130526,1.0,0.62484986,104.95727025905764,88.84592007868355,0.007777621,0
0.19416460478956585,2.3881662311154104,0.09269009045602962,0.29635817,1.0,0.6178855,100.84647220784284,94.20494859786604,0.007880327,0
0.19359774281919961,2.372630888764644,0.09290177371674281,0.30094606,1.0,0.6264134,102.47450717787018,88.28721498361855,0.0066243205,0
0.19007981472477156,2.3584931460647764,0.09471435633076761,0.29863814,1.0,0.6237085,100.70268698594016,90.09782452992593,0.0025314523,0
0.1947793872643589,2.3750586717094766,0.08663990922792934,0.303323,1.0,0.6265987,102.08342413332204,88.57022803932301,0.0016431904,0
0.18427459112507225,2.3760851374411027,0.09827484911606046,0.3052204,1.0,0.61845124,95.7133007010728,89.02629116763215,0.0020363906,0
0.18895555636997566,2.4014321190181502,0.09808603849468543,0.30631998,1.0,0.63294595,94.41405973725587,88.05528229291058,0.0026528644,0
0.19045024802065835,2.3681529621318504,0.10003560652911302,0.29408047,1.0,0.6228484,99.36321239664217,85.15102901122914,0.0031355787,0
0.19376010904083132,2.3857775539330466,0.09231339594661395,0.3031324,1.0,0.6241858,98.6155427329947,87.09605668566947,0.0028161097,0
0.1855082406065815,2.363609449700629,0.09963344323896185,0.3027104,1.0,0.6416478,98.47858517818021,91.09198654249715,0.0027892932,0
0.1851223055404941,2.383131122696855,0.09688307957483482,0.31070462,1.0,0.6413786,97.24729265996561,91.02615524017548,0.0026357973,0
0.1853039787950426,2.367595996545401,0.0959348121321865,0.29513866,1.0,0.6260991,93.74452014009726,91.27274542923267,0.0036661231,0
0.186312075308692,2.3620448239118774,0.09292554402058788,0.3018212,1.0,0.64237124,92.78479841143823,89.0266688338016,0.0031537118,0
0.18588272771565859,2.381433620876206,0.09140427566423058,0.30707142,1.0,0.6209421,98.00523427152598,90.14287785663103,0.002606633,0
0.18101761221908796,2.3643607347332805,0.08489229024943311,0.31138968,1.0,0.6129808,102.15680802533777,89.80895538895123,0.00357021,0
0.1871668881581985,2.397494376066673,0.09384617788123545,0.3131257,1.0,0.6326127,102.95637207302113,94.20575890191267,0.003349565,0
0.18576343837225895,2.3977024644188116,0.0884007544224766,0.30314562,1.0,0.61338574,100.7224737126674,92.91773496478982,0.0023914743,0
0.1892418446059034,2.378571188134591,0.080048,0.2980833,1.0,0.6216779,102.95644708198539,89.56212428586164,0.002097204,0
0.19914653597832643,2.4123930522068884,0.08096626405664306,0.29181513,1.0,0.65935236,104.00970814200457,91.7895369113461,0.0055312524,0
0.1943512684186644,2.378149840557185,0.08755528095733611,0.2869446,1.0,0.63840234,93.47197575741926,90.02267233069351,0.0056979842,0
0.19322341365362633,2.375685302606208,0.08459076360310928,0.28429896,1.0,0.62367773,99.76488603194119,89.09336756168875,0.0047947792,0
0.19637054675791774,2.3527949529433467,0.07577348874847196,0.28061956,1.0,0.63810104,93.91496963295863,86.0100915406179,0.0032257831,0
0.2190746077980032,2.384682013556127,0.07818796530291647,0.3144169,1.0,0.6214076,93.47201667256905,90.45243012589079,0.004037898,0
0.1901876001080041,2.352568601629998,0.0913532996432818,0.30538657,1.0,0.6216117,89.49367228948067,87.01004283820474,0.004171482,0
0.18105883572826414,2.31881815992642,0.0895785311369727,0.30711183,1.0,0.6176829,88.60040865954491,88.2084610985847,0.005322142,0
0.1934696437803293,2.346580010200074,0.08047080126754187,0.2756202,1.0,0.62686026,96.38687133069266,83.02816607345235,0.0053407317,0
0.189410514380628,2.3312750790397647,0.08933849468926984,0.29764304,1.0,0.6368449,91.70632983017838,87.21071198679752,0.0053131697,0
0.18522294308318424,2.3237908001638163,0.08551781097385809,0.31703442,1.0,0.6286739,97.06219377856259,86.47397823103536,0.0047398563,0
0.18332995373779726,2.3507388882145497,0.08612476370510397,0.31060943,1.0,0.6295434,96.38583202823862,86.37554693422086,0.004427276,0
0.19635880132141012,2.3783248291719015,0.08461805555555556,0.30661282,1.0,0.6299157,99.4888185984564,90.43054950019656,0.004209222,0
0.1945178888094781,2.3620849057775057,0.08640120210368145,0.2880798,1.0,0.60932755,95.71844520249464,90.8000526462846,0.004480593,0
0.18889128254370274,2.3589238130923005,0.0843981674302374,0.3055501,1.0,0.6130472,101.21271232275667,87.46799755075168,0.0041480893,0
0.18868434959502875,2.3549127600982787,0.08571531169204252,0.30406943,1.0,0.63449734,105.11937959357869,90.25882733677092,0.00432695,0
